C:/Users/user/Desktop/furina_project/vits/dataset/wavs\voice_1.wav|왜 거기 멍하니 서 있는 거야? 너무 감동해서 말조차 안 나오는 건 아니겠지? 그래, 맞아. 네 앞에 서 있는 내가 바로 폰타인의 슈퍼스타 푸리나야. 내 스케줄이 얼마나 빡빡한데, 나랑 약속을 잡은 걸 행운으로 알라구
C:/Users/user/Desktop/furina_project/vits/dataset/wavs\voice_1.wav|티타임은 숙녀의 필수 과목이야. 티타임 예절을 배우고 싶다면 내가 가르쳐 줄게
C:/Users/user/Desktop/furina_project/vits/dataset/wavs\voice_1.wav|따분하네. 뭐 재밌는 일 없나?
C:/Users/user/Desktop/furina_project/vits/dataset/wavs\voice_1.wav|휴, 인기가 너무 많은 것도 골치 아프다니까. 이놈의 인기란
C:/Users/user/Desktop/furina_project/vits/dataset/wavs\voice_1.wav|비가 엄청 많이 오네! 잠깐, 설마 여기까지 잠기진 않겠지?
C:/Users/user/Desktop/furina_project/vits/dataset/wavs\voice_1.wav|우와, 촬영하기 좋은 경치네
C:/Users/user/Desktop/furina_project/vits/dataset/wavs\voice_1.wav|햇빛이 무대 조명만큼 뜨겁네. 해가 하나뿐이라서 다행이야
C:/Users/user/Desktop/furina_project/vits/dataset/wavs\voice_1.wav|「바람을 타고 온 불안한 소리가 들려? 그건 사람들에게 잊힌 바다 괴수가 악몽을 꿀 때 내는 잠꼬대야」 왜 악몽을 꾸는 거냐고? 음… 공포는 퍼지니까?
C:/Users/user/Desktop/furina_project/vits/dataset/wavs\voice_1.wav|황량하기 그지없네. 이 몸이 물의 은혜를 베풀어 주겠어!
C:/Users/user/Desktop/furina_project/vits/dataset/wavs\voice_1.wav|좋은 아침이야… 근데 꼭 이렇게 일찍 일어나야 해? 조금 더 자도 괜찮을 것 같은데…
C:/Users/user/Desktop/furina_project/vits/dataset/wavs\voice_1.wav|안녕! 내 케이크는 어딨어? 뭐어, 아침에 먹지 않았냐고? 그건 벌써 한~참 전의 일이잖아!
C:/Users/user/Desktop/furina_project/vits/dataset/wavs\voice_1.wav|좋은 저녁이야. 휴, 사발레타 씨가 요즘 같이 다이어트를 하자고 난리라니까. 흥, 난 지난달보다 뱃살이 한 겹이나 빠졌단 말이야. 내가 체형을 얼마나 열심히 관리하는데. 봐봐, 살 빠진 거 티 나지?
C:/Users/user/Desktop/furina_project/vits/dataset/wavs\voice_1.wav|하암… 나도 자려던 참이었어. 내일 봐, 제때 깨워주는 거 잊지 말구…
C:/Users/user/Desktop/furina_project/vits/dataset/wavs\voice_1.wav|티타임에 참석하는 이 작은 녀석들이 누구냐고? 이 친구들은 내 충실한 추종자야. 크흠, 특별히 소개해 주지! 이쪽은 가장 귀여운 메이드 사발레타 씨야. 종종 실수로 내 의상을 자르긴 하지만. 그리고 이쪽은 믿음직한 집사 슈벨마 부인이야. 내 일상을 꼼꼼하게 관리해 주지. 마지막으로, 이 설교를 좋아하는 친구는 예절을 담당하는 어셔 훈작이야. 후후, 내 티타임에 참석하는 건 허락했지만, 이 친구들의 인정을 받으려면 좀 더 노력해야 할걸!
C:/Users/user/Desktop/furina_project/vits/dataset/wavs\voice_1.wav|노래에는 자신 있지만, 내게 걸맞은 가사는 많지 않아. 극단 작가들이 더 힘냈으면 좋겠네. 오래 기다리는 건 지루하거든
C:/Users/user/Desktop/furina_project/vits/dataset/wavs\voice_1.wav|크흠, 우린 잘 아는 사이니까, 날 너무 공경할 필요 없어. 잠깐, 그게 무슨 표정이야? 설마 애초에 날 「공경」한 적이 없다는 건 아니겠지?
C:/Users/user/Desktop/furina_project/vits/dataset/wavs\voice_1.wav|「내」 이야기는 막을 내렸지만, 이젠 「우리」 이야기가 시작될 차례야… 생각해 보니까 그럼 출연료를 2배로 받을 수 있겠네? 신난다!
C:/Users/user/Desktop/furina_project/vits/dataset/wavs\voice_1.wav|그 오래된 예언이 끝나고 모든 게 막을 내리자, 난 기나긴 우울에 빠졌어. 무대에 서서 관객들의 사랑을 받는다는 건 더 많은 시선과 기대를 짊어져야 한다는 뜻이지만, 사람들이 기대하는 건 내가 아니라, 내가 연기하고 있는 「신」이었지… 그 과정에서 내가 진정으로 얻게 된 건 오직 외로움뿐이야. 그래서 한때 공연과 관련된 일이라면 진저리를 쳤고, 자신을 방에 가뒀어. 그러다 다시 한번 무대에 서서 관객을 마주하고서야, 마음속의 불안이 어느새 사라졌다는 걸 깨달았지. 지금 난 사람들의 시선을 담담하게 받아들일 수 있어. 어쩌면… 나 자신을 「연기」하기 시작해서일지도 몰라
C:/Users/user/Desktop/furina_project/vits/dataset/wavs\voice_1.wav|폰타인의 오페라는 몇 차례 개혁을 겪었어. 그때마다 반대의 목소리가 끊이질 않았지. 사람들이 늘 오페라 하우스 앞에서 시끄럽게 떠들어대서 머리가 아플 지경이었다니까. 그래서 난 「쓸데없는 문제로 논쟁하지 말라」고 엄포를 놨고, 느비예트도 지팡이로 바닥을 쳤지. 그랬더니 오페라 하우스가 금세 조용해졌어. 뭐랄까, 난 종종 무심결에 위엄 있는 모습을 드러내거든, 다들 이해해 줬으면 좋겠네
C:/Users/user/Desktop/furina_project/vits/dataset/wavs\voice_1.wav|난 형광별이 좋아. 이 불가사리는 아무도 주시하지 않는 곳에서도 빛나거든. 내가 생각하는 가장 참된 「스타」야. 형광별이 주인공인 오페라가 있었으면 좋겠어. 난 무리를 떠난 귀여운 불가사리를 실감 나게 연기할 자신이 있으니까
C:/Users/user/Desktop/furina_project/vits/dataset/wavs\voice_1.wav|리니와 리넷은 당연히 알지. 전에 공연도 자주 봤는걸. 인기가 제법 많지만, 나에 비하면 한참 멀었어. 내가 출연하는 공연은 입석권까지 매진될 정도라구. 지금은… 윽… 은퇴했으니까 인기가 떨어지는 게 당연하잖아!
C:/Users/user/Desktop/furina_project/vits/dataset/wavs\voice_1.wav|수백 년 동안 폰타인을 위해 고생한 느비예트에게 감사를 전하고 싶어. 느비예트는 내가 사람들을 속인 죄를 추궁할 생각이 없는 모양이야. 이제 같이 업무 볼 일이 없어서 멜모니아궁에 안 간 지도 꽤 됐는데, 서로에게 잘된 일이겠지?
C:/Users/user/Desktop/furina_project/vits/dataset/wavs\voice_1.wav|나비아가 구운 마카롱 먹어봤어? 나비아는 디저트에 대한 조예가 엄청나다니까, 나에 못지 않을 정도야. 식감과 당도는 둘째치고, 마카롱 위에 그린 그림이 너무 귀엽다구! 그야말로 예술이야! 대체 어떻게 한 걸까, 그냥 재능인가? 갑자기 좌절감이 드네… 다음에 꼭 제대로 물어봐야겠어!
C:/Users/user/Desktop/furina_project/vits/dataset/wavs\voice_1.wav|나비아는 강인한 사람이야. 이런 사람은 주변 사람의 압박을 덜어주기 위해, 어떤 일을 겪어도 금세 기운을 차리고 괜찮은 척하지. 난 칼라스와 클로린드의 결투를 지켜봤어. 나비아는… 그런 쪽으로 점점 아버지를 닮아가고 있는 것 같아
C:/Users/user/Desktop/furina_project/vits/dataset/wavs\voice_1.wav|「아를레키노」? 그, 그게 누군데? 기억에서 지워버렸어. 그렇게 무서운 모습을 떠올리면 밤에 악몽을 꿀지도 모르잖아
C:/Users/user/Desktop/furina_project/vits/dataset/wavs\voice_1.wav|요즘 보니까 샤를로트가 바쁘게 뛰어다니더라. 날 독점 인터뷰하고 싶은 모양이던데, 몇 번을 거절해도 아랑곳하지 않더라고. 난 조금 짜증 났지만, 샤를로트는 단호하게 말했지——사람들이 보도를 통해 더 진실된 날 알고, 내 고충을 이해해 주길 바란다고. 샤를로트의 호의에 어떻게 반응해야 할지 모르겠어. 일리는 있지만, 난 아직 준비되지 않았는걸…
C:/Users/user/Desktop/furina_project/vits/dataset/wavs\voice_1.wav|잘 아는 사이는 아니지만, 느비예트가 믿을 만하다고 했으니까 괜찮은 녀석이겠지! 참, 전에 걔가 보낸 차를 받은 적이 있는데, 맛이 괜찮더라
C:/Users/user/Desktop/furina_project/vits/dataset/wavs\voice_1.wav|클로린드는 과묵한 사람이야. 옆에서 날 몇 번이나 지켜줬지. 그래서 전적으로 신뢰해. 음… 클로린드가 좀 그립긴 한데 만날 이유를 못 찾겠네. 참! 다음에 클로린드를 티타임에 초대하면 되겠다!
C:/Users/user/Desktop/furina_project/vits/dataset/wavs\voice_1.wav|나에 대해 알고 싶다고? 흐흥, 어쩔 수 없네. 하긴 난 한때 폰타인에서 가장 주목받는 슈퍼스타였으니까! 매일 수많은 기자들이 내 사생활을 캐려고 난리도 아니었다구. 하지만 난 풍부한 경험으로 녀석들을 전부 거절했지. 물론, 그 경험을 너한테까지 쓸 생각은 없어. 맛있는 디저트를 준비해 오면 내 비밀이랑 교환해 줄게
C:/Users/user/Desktop/furina_project/vits/dataset/wavs\voice_1.wav|최근 「서핑」이란 운동을 추천받아서 한번 해봤어. 거친 파도 속에서 균형을 잡는 게 쉽진 않았지만, 금세 노하우를 익혔지. 어쩌면 이쪽으로 재능이 있을지도? 아무튼, 바다와 하늘이 맞닿은 곳에서 파도와 바람을 느끼는 건 괜찮은 경험이었어. 너도 한번 해봐
C:/Users/user/Desktop/furina_project/vits/dataset/wavs\voice_1.wav|시간 나면 여행 견문을 나한테 얘기해줄래? 네가 들려주는 기상천외한 이야기가 마음에 들거든. 뭐랄까… 난 다양한 사물에 쉽게 흥미를 느끼지만 금방 질리는 편이야. 「열정」은 쉽게 얻을수록 쉽게 잃는 것 같아. 하지만, 너랑 같이 있으면 늘 즐거운 기분이 유지돼서 신기하다니까
C:/Users/user/Desktop/furina_project/vits/dataset/wavs\voice_1.wav|지금까지 자신에게 너무 인색했던 것 같아. 신의 품위를 유지하기 위해 삶을 제대로 즐긴 적이 없거든. 요즘은 쇼핑에 부쩍 관심이 생겨서 신기한 물건을 잔뜩 샀어. 무지개색 티백, 자동 수축 나이프 포크 세트, 해마 전용 안장 등등… 근데 대부분 쓸모가 없어서 결국 공연 소품으로 극단에 기부했지. 정말 이상하단 말이야. 결제하기 전까진 분명히 쓸모 있어 보였는데…
C:/Users/user/Desktop/furina_project/vits/dataset/wavs\voice_1.wav|사람들은 과거를 이야기하고 지나간 아름다움을 안타까워해. 그리고 미래를 이야기하는 것도 좋아하지. 희미한 내일을 위해 모든 걸 희생할 수 있는 것처럼 말이야. 난 그 관점에 찬성하진 않지만, 한편으로 부럽기도 해. 난 과거도, 미래도 없는 곳에서 살아왔으니까. 그 불안에 맞서기 위해 더 강인하고 신다운 이미지를 만들어 연기했어. 몇백 년이라는 시간이 흐르면서 내가 연기한 「이미지」는 진실한 나와 점차 하나가 돼서, 이젠 나조차 분간할 수 없게 됐지… 어쩌면 분간할 필요 따윈 없을지도 몰라. 과거의 일들이 지금의 날 이루었고, 그 완벽하지 않은 공연도 내 중요한 일부니까
C:/Users/user/Desktop/furina_project/vits/dataset/wavs\voice_1.wav|《퀸즈 크라운》 후속작은 아직도 안 나왔어? 아쉽네, 정의가 악을 물리치는 클래식 작품은 아무리 봐도 질리지 않는다니까
C:/Users/user/Desktop/furina_project/vits/dataset/wavs\voice_1.wav|오늘은 마카로니에 어떤 소스를 뿌리는 게 좋을까…
C:/Users/user/Desktop/furina_project/vits/dataset/wavs\voice_1.wav|잘 만든 디저트를 싫어하는 사람은 없지만, 내가 「좋아할」 만한 수준이 되려면 한참 노력해야 해. 잘 들어, 디저트는 오페라처럼 「배역 선정」부터 「배경 연출」까지 심혈을 기울여야 마지막 「공연」에서 멋진 무대를 선보일 수 있는 거야!
C:/Users/user/Desktop/furina_project/vits/dataset/wavs\voice_1.wav|티타임 예절을 배우고 싶다면 내가 가르쳐 줄게
C:/Users/user/Desktop/furina_project/vits/dataset/wavs\voice_1.wav|간단히 말해서, 난 거의 모든 「창작 요리」가 싫어. 지금까지 기발한 요리를 적잖게 먹어봤지만, 내 마음에 트라우마만 남겼거든
C:/Users/user/Desktop/furina_project/vits/dataset/wavs\voice_1.wav|오? 향기가 진하고 식감이 섬세한걸… 네가 요리에도 일가견이 있을 줄이야, 제법 센스 있네
C:/Users/user/Desktop/furina_project/vits/dataset/wavs\voice_1.wav|평소에 이런 요리로 배를 채웠던 거야? 휴, 내 마카로니를 좀 나눠줄게
C:/Users/user/Desktop/furina_project/vits/dataset/wavs\voice_1.wav|생일 축하해! 자, 선물로 이 티켓을 줄게. 이건 《해피 데이》의 특등석이라구, 잊지 말고 보러 와. 《해피 데이》가 뭐냐고? 음, 서프라이즈로 남겨둘 생각이었는데… 이건 내가 직접 준비한 오페라야. 많은 사람들이 모여 소중한 한 사람을 축하한다는 내용이지. 이제 알겠지? 그럼 꼭 와야 한다!
C:/Users/user/Desktop/furina_project/vits/dataset/wavs\voice_1.wav|신의 눈은 영 적응이 안 되네. 괜찮다면 사용법 좀 가르쳐 줄래? 아 참… 너도 써본 적 없지
C:/Users/user/Desktop/furina_project/vits/dataset/wavs\voice_1.wav|직접 노력해서 얻은 힘은 역시 보람차다니까. 후후, 고마워
C:/Users/user/Desktop/furina_project/vits/dataset/wavs\voice_1.wav|점점 발전하고 있어! 역시 이 몸이야, 어떤 상황에서도 빛난다니까
C:/Users/user/Desktop/furina_project/vits/dataset/wavs\voice_1.wav|나한테 이렇게까지 신경 써줄 줄은 몰랐어. 넌 여전히 내 「힘」이 필요한 모양이구나? 하지만 지금의 난… 너에게 걸맞은 보답을 줄 수 없을지도 몰라… 힘이 아니라 「나」를 중요하게 생각한다고? 그렇구나. 그럼, 함께 우리의 미래를 공연해 보자
C:/Users/user/Desktop/furina_project/vits/dataset/wavs\voice_1.wav|티타임 예절을 배우고 싶다면 내가 가르쳐 줄게
C:/Users/user/Desktop/furina_project/vits/dataset/wavs\voice_1.wav|날 찬송하렴!
C:/Users/user/Desktop/furina_project/vits/dataset/wavs\voice_1.wav|등~장!
C:/Users/user/Desktop/furina_project/vits/dataset/wavs\voice_1.wav|쨔쟌!
C:/Users/user/Desktop/furina_project/vits/dataset/wavs\voice_1.wav|공연을 시작하지
C:/Users/user/Desktop/furina_project/vits/dataset/wavs\voice_1.wav|빛이여
C:/Users/user/Desktop/furina_project/vits/dataset/wavs\voice_1.wav|그대에게 선사할게
C:/Users/user/Desktop/furina_project/vits/dataset/wavs\voice_1.wav|온 세상을 떠들썩하게!
C:/Users/user/Desktop/furina_project/vits/dataset/wavs\voice_1.wav|반짝이는 순간!
C:/Users/user/Desktop/furina_project/vits/dataset/wavs\voice_1.wav|내 이름으로 노래하렴!
C:/Users/user/Desktop/furina_project/vits/dataset/wavs\voice_1.wav|케이크 위 왕관만큼 멋진 서프라이즈네
C:/Users/user/Desktop/furina_project/vits/dataset/wavs\voice_1.wav|얼른 넣어둬. 크흠… 내가 허락하지!
C:/Users/user/Desktop/furina_project/vits/dataset/wavs\voice_1.wav|흥미로운 물건은 많을수록 좋지
C:/Users/user/Desktop/furina_project/vits/dataset/wavs\voice_1.wav|일단 휴전하자…
C:/Users/user/Desktop/furina_project/vits/dataset/wavs\voice_1.wav|큰일이다!
C:/Users/user/Desktop/furina_project/vits/dataset/wavs\voice_1.wav|사, 살려줘——
C:/Users/user/Desktop/furina_project/vits/dataset/wavs\voice_1.wav|잠자코 내 솜씨나 지켜보시지!
C:/Users/user/Desktop/furina_project/vits/dataset/wavs\voice_1.wav|내가 등장할 차례야!
C:/Users/user/Desktop/furina_project/vits/dataset/wavs\voice_1.wav|이것도… 일종의 해방일까?
C:/Users/user/Desktop/furina_project/vits/dataset/wavs\voice_1.wav|결국 실패했구나…
C:/Users/user/Desktop/furina_project/vits/dataset/wavs\voice_1.wav|내… 부끄러운 모습을 보지 마…
C:/Users/user/Desktop/furina_project/vits/dataset/wavs\voice_1.wav|뭐야!
C:/Users/user/Desktop/furina_project/vits/dataset/wavs\voice_1.wav|그만 때려!
C:/Users/user/Desktop/furina_project/vits/dataset/wavs\voice_1.wav|역시 내가 없으면 안 되겠지?
C:/Users/user/Desktop/furina_project/vits/dataset/wavs\voice_1.wav|즐거운 여행이 됐으면 좋겠네
C:/Users/user/Desktop/furina_project/vits/dataset/wavs\voice_1.wav|잘 감상하라구~
C:/Users/user/Desktop/furina_project/vits/dataset/wavs\voice_2.wav|그러니까 난 다 분명히 말했다니까, 이 사람들을 뭐야?
C:/Users/user/Desktop/furina_project/vits/dataset/wavs\voice_2.wav|심문하는 것도 아니고.
C:/Users/user/Desktop/furina_project/vits/dataset/wavs\voice_2.wav|난 모르는 일이야.
C:/Users/user/Desktop/furina_project/vits/dataset/wavs\voice_2.wav|근데 방금 오래된 유적에서 찾았다고 했지.
C:/Users/user/Desktop/furina_project/vits/dataset/wavs\voice_2.wav|예언이라고? 몰라, 난 그런 석판 본 적 없어.
C:/Users/user/Desktop/furina_project/vits/dataset/wavs\voice_2.wav|신들도 저마다 비밀이 있을 수 있는 거야.
C:/Users/user/Desktop/furina_project/vits/dataset/wavs\voice_2.wav|전대는 전대고 나는 나라고, 모를 수도 있지.
C:/Users/user/Desktop/furina_project/vits/dataset/wavs\voice_2.wav|조급한 건 알겠는데, 미안하지만 난 정말 너한테 해 줄 말 없어.
C:/Users/user/Desktop/furina_project/vits/dataset/wavs\voice_2.wav|아, 나한테 관심이 많았구나 느비예트. 니가 이럴 줄은 생각도 못했네.
C:/Users/user/Desktop/furina_project/vits/dataset/wavs\voice_2.wav|내가 남몰래 조사하고 있다는 걸 알았으면 나에 대한 생각이 바뀌었겠네.
C:/Users/user/Desktop/furina_project/vits/dataset/wavs\voice_2.wav|내게 물어도 날 의심해도 소용없어.
C:/Users/user/Desktop/furina_project/vits/dataset/wavs\voice_2.wav|니가 나보다 아래인 최고 심판관인 이상 나한테 복종해야지.
C:/Users/user/Desktop/furina_project/vits/dataset/wavs\voice_2.wav|신은 날 믿기나 해.
C:/Users/user/Desktop/furina_project/vits/dataset/wavs\voice_2.wav|너 스스로를 설득시킬 수 있든 말든 알아서 하라고.
C:/Users/user/Desktop/furina_project/vits/dataset/wavs\voice_2.wav|어차피 아무 일도 없을 거니까.
C:/Users/user/Desktop/furina_project/vits/dataset/wavs\voice_2.wav|아, 난 더 이상 할 말 없어.
C:/Users/user/Desktop/furina_project/vits/dataset/wavs\voice_2.wav|이 일에 대해 더 얘기할 필요도 없고.
C:/Users/user/Desktop/furina_project/vits/dataset/wavs\voice_2.wav|아, 곧 오페라하우스 공연 시간이네.
C:/Users/user/Desktop/furina_project/vits/dataset/wavs\voice_2.wav|그럼 안녕, 아무런 의미도 없으니 이만 포기해 봐.
C:/Users/user/Desktop/furina_project/vits/dataset/wavs\voice_2.wav|결국 이렇게 됐잖아.
C:/Users/user/Desktop/furina_project/vits/dataset/wavs\voice_2.wav|다들 죽어 버렸다고... 미안해, 정말 미안해.
C:/Users/user/Desktop/furina_project/vits/dataset/wavs\voice_2.wav|포기해 푸리나, 더는 버티지 마.
C:/Users/user/Desktop/furina_project/vits/dataset/wavs\voice_2.wav|하지만 이것 말고는 내가 할 수 있는 게 없는걸.
C:/Users/user/Desktop/furina_project/vits/dataset/wavs\voice_2.wav|이런 이런, 괴로워하는 연기를 해보고 싶었는데.
C:/Users/user/Desktop/furina_project/vits/dataset/wavs\voice_2.wav|역시 고귀한 내게는 어울리지 않네.
C:/Users/user/Desktop/furina_project/vits/dataset/wavs\voice_2.wav|방금 한 말은 잊어줘.
C:/Users/user/Desktop/furina_project/vits/dataset/wavs\voice_2.wav|내가 있는데, 폰타인이 겨우 예언 따위에 좌지우지될 리가 없잖아.
C:/Users/user/Desktop/furina_project/vits/dataset/wavs\voice_2.wav|신이 사라진 걸 알면 녀석들은 뜨거운 솥에 담긴 개미들처럼 안절부절못하겠지.
C:/Users/user/Desktop/furina_project/vits/dataset/wavs\voice_2.wav|느비예트랑 그림자 수사청 녀석들도 엄청 초조해하겠지.
C:/Users/user/Desktop/furina_project/vits/dataset/wavs\voice_2.wav|나는 그러게, 날 보고 싶어하는 팬들인가 보네.
C:/Users/user/Desktop/furina_project/vits/dataset/wavs\voice_2.wav|하지만 이건 규칙에 맞지 않아.
C:/Users/user/Desktop/furina_project/vits/dataset/wavs\voice_2.wav|녀석들 마음대로 되게 둘 순 없지.
C:/Users/user/Desktop/furina_project/vits/dataset/wavs\voice_2.wav|알았어, 좋은 아이디어네. 너희 지혜에 감탄했어.
C:/Users/user/Desktop/furina_project/vits/dataset/wavs\voice_2.wav|바로 갈게, 꼼짝없이 놈들에게 붙잡히는 줄 알았잖아.
C:/Users/user/Desktop/furina_project/vits/dataset/wavs\voice_2.wav|아니지, 하마터면 날 향한 저들의 열정을 못 견딜 뻔했어.
C:/Users/user/Desktop/furina_project/vits/dataset/wavs\voice_2.wav|이 진동은... 설마 지진인가?
C:/Users/user/Desktop/furina_project/vits/dataset/wavs\voice_2.wav|그럴 리가... 같은 일이 또 일어난다고?
C:/Users/user/Desktop/furina_project/vits/dataset/wavs\voice_2.wav|응, 그랬으면 좋겠어.
C:/Users/user/Desktop/furina_project/vits/dataset/wavs\voice_2.wav|하지만 푸아송 마을 사람들은 이미...
C:/Users/user/Desktop/furina_project/vits/dataset/wavs\voice_2.wav|맞아, 수백 년 동안 난 쉬지 않고 예언을 조사해 왔어.
C:/Users/user/Desktop/furina_project/vits/dataset/wavs\voice_2.wav|한때는 정보를 모으기 위해 전 세계에 눈과 귀를 심은 적도 있지.
C:/Users/user/Desktop/furina_project/vits/dataset/wavs\voice_2.wav|폰타인 해수면의 수위가 상승하지 않게 이런저런 방법도 시도해 봤고.
C:/Users/user/Desktop/furina_project/vits/dataset/wavs\voice_2.wav|하지만 다 소용없었어.
C:/Users/user/Desktop/furina_project/vits/dataset/wavs\voice_2.wav|그래서 아주 먼 옛날, 난 그 사실을 받아들였지.
C:/Users/user/Desktop/furina_project/vits/dataset/wavs\voice_2.wav|천리에 맞서면 안 돼.
C:/Users/user/Desktop/furina_project/vits/dataset/wavs\voice_2.wav|예언 속 그 장면은 결국 일어날 거야.
C:/Users/user/Desktop/furina_project/vits/dataset/wavs\voice_2.wav|포기... 참 듣기 좋은 말이네.
C:/Users/user/Desktop/furina_project/vits/dataset/wavs\voice_2.wav|운명을 받아들이고 자유로워질 수 있다는 거잖아.
C:/Users/user/Desktop/furina_project/vits/dataset/wavs\voice_2.wav|맞아, 지금까지 몇 번이나 포기하고 싶었어.
C:/Users/user/Desktop/furina_project/vits/dataset/wavs\voice_2.wav|폰타인이 푸아송 마을을 완전히 잃을 뻔한 뒤론 더욱 그랬지.
C:/Users/user/Desktop/furina_project/vits/dataset/wavs\voice_2.wav|운명은 참으로 비합리적이고 제멋대로야.
C:/Users/user/Desktop/furina_project/vits/dataset/wavs\voice_2.wav|예언이 시작될 전조만으로도 수많은 사람의 목숨을 앗아갔잖아.
C:/Users/user/Desktop/furina_project/vits/dataset/wavs\voice_2.wav|하지만 방금 깨달았어.
C:/Users/user/Desktop/furina_project/vits/dataset/wavs\voice_2.wav|내겐 여전히 사람들을 대신해 운명을 받아들일 자격이 없다는 걸.
C:/Users/user/Desktop/furina_project/vits/dataset/wavs\voice_2.wav|마지막 순간이 오기 전까지 아직 시간이 있어.
C:/Users/user/Desktop/furina_project/vits/dataset/wavs\voice_2.wav|걱정 마, 난 모두를 위해 희망을 마지막까지 간직할 테니까.
C:/Users/user/Desktop/furina_project/vits/dataset/wavs\voice_2.wav|이런 이런, 괴로워하는 연기를 해보고 싶었는데.
C:/Users/user/Desktop/furina_project/vits/dataset/wavs\voice_2.wav|역시 고귀한 내게는 어울리지 않네.
C:/Users/user/Desktop/furina_project/vits/dataset/wavs\voice_2.wav|방금 한 말은 잊어줘.
C:/Users/user/Desktop/furina_project/vits/dataset/wavs\voice_2.wav|내가 있는데, 폰타인이 겨우 예언 따위에 좌지우지될 리가 없잖아.
C:/Users/user/Desktop/furina_project/vits/dataset/wavs\voice_2.wav|신이 사라진 걸 알면 녀석들은 뜨거운 솥에 담긴 개미들처럼 안절부절못하겠지.
C:/Users/user/Desktop/furina_project/vits/dataset/wavs\voice_2.wav|느비예트랑 그림자 수사청 녀석들도 엄청 초조해하겠지.
C:/Users/user/Desktop/furina_project/vits/dataset/wavs\voice_2.wav|나 포칼로스 푸리나 드 폰타인은 일곱 명의 집정관 중 하나야.
C:/Users/user/Desktop/furina_project/vits/dataset/wavs\voice_2.wav|모든 물과 백성을 그리고 법을 다스리는 여왕이라고.
C:/Users/user/Desktop/furina_project/vits/dataset/wavs\voice_2.wav|신이 아닐 리가 없잖아.
C:/Users/user/Desktop/furina_project/vits/dataset/wavs\voice_2.wav|아무래도 관중들의 눈은 멀쩡한 것 같네.
C:/Users/user/Desktop/furina_project/vits/dataset/wavs\voice_2.wav|대부분이 태어날 때부터 내가 신이란 사실을 상식으로 여겨왔으니 날 지지할 테지.
C:/Users/user/Desktop/furina_project/vits/dataset/wavs\voice_2.wav|봐봐, 게시판결 장치마저도 당연하다는 듯 내 쪽을 향해 있잖아.
C:/Users/user/Desktop/furina_project/vits/dataset/wavs\voice_2.wav|지금 고발을 취하하면 정의의 신의 이름으로 네 무고죄는 묻지 않을게.
C:/Users/user/Desktop/furina_project/vits/dataset/wavs\voice_2.wav|오늘 일어난 일은 하나의 희극으로 여기고 넘어가는 거야.
C:/Users/user/Desktop/furina_project/vits/dataset/wavs\voice_2.wav|어때? 설득이 통하지 않았나 보네.
C:/Users/user/Desktop/furina_project/vits/dataset/wavs\voice_2.wav|이번엔 내가 물을게. 만약 내가 신이 아니라면 너희는 내가 뭐라고 생각해?
C:/Users/user/Desktop/furina_project/vits/dataset/wavs\voice_2.wav|이 자리를 500년이 넘는 세월 동안 지켜온 나야.
C:/Users/user/Desktop/furina_project/vits/dataset/wavs\voice_2.wav|그만큼 오래 살 수 있었던 이유는 뭔데?
C:/Users/user/Desktop/furina_project/vits/dataset/wavs\voice_2.wav|설마 그 아를레키노인가?
C:/Users/user/Desktop/furina_project/vits/dataset/wavs\voice_2.wav|내 명예를 더럽히기 위해 우인난 지판관의 말까지 빌려오는 거야?
C:/Users/user/Desktop/furina_project/vits/dataset/wavs\voice_2.wav|아직 좋아하긴 이르지.
C:/Users/user/Desktop/furina_project/vits/dataset/wavs\voice_2.wav|설사 내 몸에 저주가 있다고 해도 그게 내가 인간이란 증거는 될 수 없잖아.
C:/Users/user/Desktop/furina_project/vits/dataset/wavs\voice_2.wav|인간과 신의 가장 큰 차이점은 바로 그 권능이야.
C:/Users/user/Desktop/furina_project/vits/dataset/wavs\voice_2.wav|인간이 할 수 없는 일을 해내기에 신이라고 불리는 거니까.
C:/Users/user/Desktop/furina_project/vits/dataset/wavs\voice_2.wav|수백 년의 역사를 거치며 난 폰타인에 수많은 신적인 흔적을 남겼어.
C:/Users/user/Desktop/furina_project/vits/dataset/wavs\voice_2.wav|일례로 계시의 판결 추기 장치를 봐.
C:/Users/user/Desktop/furina_project/vits/dataset/wavs\voice_2.wav|또 너의 삶과 밀접하게 연관된 판결 에너지는 어떻고.
C:/Users/user/Desktop/furina_project/vits/dataset/wavs\voice_2.wav|그때도 말했지만, 평범한 사람은 신의 결정을 이해할 수 없어.
C:/Users/user/Desktop/furina_project/vits/dataset/wavs\voice_2.wav|타르탈리아가 어떻게 된 건지 모르는 건 사실이야.
C:/Users/user/Desktop/furina_project/vits/dataset/wavs\voice_2.wav|그의 유죄는 게시판결 장치가 일방적으로 내린 판결이었어.
C:/Users/user/Desktop/furina_project/vits/dataset/wavs\voice_2.wav|그 장치는 처음부터 스스로 운행됐지.
C:/Users/user/Desktop/furina_project/vits/dataset/wavs\voice_2.wav|그렇다고 신의 창조물에 문제가 생겼다고 신이 가짜라고 하면 안 되지.
C:/Users/user/Desktop/furina_project/vits/dataset/wavs\voice_2.wav|신의 힘... 관객석에 사람이 저렇게나 많은데 함부로 그런 힘을 사용할 순 없지.
C:/Users/user/Desktop/furina_project/vits/dataset/wavs\voice_2.wav|판결 에너지, 그것 때문이야.
C:/Users/user/Desktop/furina_project/vits/dataset/wavs\voice_2.wav|신의 힘은 신앙에서 비롯되잖아.
C:/Users/user/Desktop/furina_project/vits/dataset/wavs\voice_2.wav|정의를 향한 폰타인 백성의 신앙을 전부 판결 에너지로 전환했어.
C:/Users/user/Desktop/furina_project/vits/dataset/wavs\voice_2.wav|그래, 백성들의 삶에 에너지를 공급해 주기 위해 실력을 모두 포기했다고 봐.
C:/Users/user/Desktop/furina_project/vits/dataset/wavs\voice_2.wav|이 얼마나 사심 없고 자비로운 신이야.
C:/Users/user/Desktop/furina_project/vits/dataset/wavs\voice_2.wav|이봐 너희들, 그런 의심의 눈초리로 날 보지 마.
C:/Users/user/Desktop/furina_project/vits/dataset/wavs\voice_2.wav|다들 날 좋아하잖아.
C:/Users/user/Desktop/furina_project/vits/dataset/wavs\voice_2.wav|전대 물의 신 에게리아가 나에게 이 예언을 맡겼을 때 나도 느꼈어.
C:/Users/user/Desktop/furina_project/vits/dataset/wavs\voice_2.wav|정말 쉽지 않겠다고 생각했지.
C:/Users/user/Desktop/furina_project/vits/dataset/wavs\voice_2.wav|예언 속 순간이 반드시 오게 될 거란 걸 본인도 분명 알았을 텐데.
C:/Users/user/Desktop/furina_project/vits/dataset/wavs\voice_2.wav|일곱 명의 집정관으로서 천리를 적으로 돌려선 안 된다는 것도 잘 알았을 거고.
C:/Users/user/Desktop/furina_project/vits/dataset/wavs\voice_2.wav|이건 그야말로 해결할 수 없는 난제였지.
C:/Users/user/Desktop/furina_project/vits/dataset/wavs\voice_2.wav|난 홀로 바닷속에 가라앉아 고민하고 또 고민했어.
C:/Users/user/Desktop/furina_project/vits/dataset/wavs\voice_2.wav|그러다 옆에 있던 조개가 거품을 뱉기 시작하자 비로소 유일한 해결법이 떠올랐지.
C:/Users/user/Desktop/furina_project/vits/dataset/wavs\voice_2.wav|천리를 속여야만 예언이 일어나도 모두를 구할 수 있어.
C:/Users/user/Desktop/furina_project/vits/dataset/wavs\voice_2.wav|난 정말 천재라니까.
C:/Users/user/Desktop/furina_project/vits/dataset/wavs\voice_2.wav|그래서 에게리아도 날 후임자로 택한 거겠지.
C:/Users/user/Desktop/furina_project/vits/dataset/wavs\voice_2.wav|생각해 보면 이 나라를 구하는 임무뿐 아니라 물의 신의 직책과 인간을 창조한 원죄까지 전부 나한테 떠넘긴 거지만.
C:/Users/user/Desktop/furina_project/vits/dataset/wavs\voice_2.wav|뭐 어쩌겠어, 나도 한때 에게리아의 수많은 물의 정령 권속 중 하나였는걸.
C:/Users/user/Desktop/furina_project/vits/dataset/wavs\voice_2.wav|그래, 맞아. 난 늘 인간이 되고 싶었어.
C:/Users/user/Desktop/furina_project/vits/dataset/wavs\voice_2.wav|지금도 그렇고, 내겐 인간이란 존재 자체가 하나의 아름다운 오페라거든.
C:/Users/user/Desktop/furina_project/vits/dataset/wavs\voice_2.wav|신이 되고 나서 난 몸과 정신에서 내 신격을 분리해냈어.
C:/Users/user/Desktop/furina_project/vits/dataset/wavs\voice_2.wav|방금 창조된 듯한 인간 같은 나만을 남겨뒀어.
C:/Users/user/Desktop/furina_project/vits/dataset/wavs\voice_2.wav|지금 네 앞에 있는 게 바로 그 신격이고, 인간인 내겐 푸리나라는 이름을 붙여줬지.
C:/Users/user/Desktop/furina_project/vits/dataset/wavs\voice_2.wav|다양한 감정을 느낄 수 있는 푸리나는 오만할 때도 있고 나약할 때도 있어.
C:/Users/user/Desktop/furina_project/vits/dataset/wavs\voice_2.wav|인간만이 가질 수 있는 장점과 단점을 전부 가지고 있는 거지.
C:/Users/user/Desktop/furina_project/vits/dataset/wavs\voice_2.wav|하지만 네 눈의 푸리나는 그야말로 완벽한 인간이야.
C:/Users/user/Desktop/furina_project/vits/dataset/wavs\voice_2.wav|진정한 인간과 똑 닮은 푸리나가 바로 내가 원하던 나의 모습이지.
C:/Users/user/Desktop/furina_project/vits/dataset/wavs\voice_2.wav|그 후 난 푸리나에게 저주를 내렸어, 천리를 속이기 위해서 말이야.
C:/Users/user/Desktop/furina_project/vits/dataset/wavs\voice_2.wav|예언의 마지막 장면을 기억해.
C:/Users/user/Desktop/furina_project/vits/dataset/wavs\voice_2.wav|물의 신만이 신자에 남아 눈물을 흘리리라.
C:/Users/user/Desktop/furina_project/vits/dataset/wavs\voice_3.wav|내 저주로 인해 신격인 내가 존재하는 한 푸리나는 영원히 죽지 않지만
C:/Users/user/Desktop/furina_project/vits/dataset/wavs\voice_3.wav|인간이 가져야 할 행복도 누릴 수 없어
C:/Users/user/Desktop/furina_project/vits/dataset/wavs\voice_3.wav|억지로 에피클레스 오페라하우스를 무대 삼은 진정한 히로인이 되어야만 했지.
C:/Users/user/Desktop/furina_project/vits/dataset/wavs\voice_3.wav|예언이 실현된 것처럼 보이기 위해 영원히 신의 역할을 연기하는 거야
C:/Users/user/Desktop/furina_project/vits/dataset/wavs\voice_3.wav|이제 네 심판청이 왜 에피클레스 오페라하우스라고 불리는지 알겠지
C:/Users/user/Desktop/furina_project/vits/dataset/wavs\voice_3.wav|그래 푸리나가 인간 형태의 나이긴 하지만 기회가 되면 나에게 제대로 사과하고 싶어
C:/Users/user/Desktop/furina_project/vits/dataset/wavs\voice_3.wav|푸리나에게 이 500년은 분명 끝이 보이지 않는 아주 외롭고 괴로운 연극이었을 거야
C:/Users/user/Desktop/furina_project/vits/dataset/wavs\voice_3.wav|누가 이 무대에 올라와도 된다고 했지.
C:/Users/user/Desktop/furina_project/vits/dataset/wavs\voice_3.wav|물의 신 포칼로스인 날 동경하는 건 이해하지만 규칙은 지켜 줬으면 좋겠는데.
C:/Users/user/Desktop/furina_project/vits/dataset/wavs\voice_3.wav|그래그래 널 버릴 생각은 없으니 자기소개는 됐어.
C:/Users/user/Desktop/furina_project/vits/dataset/wavs\voice_3.wav|내 공연을 방해하지 말고 어서 내려가렴.
C:/Users/user/Desktop/furina_project/vits/dataset/wavs\voice_3.wav|웃기는 소리. 넌 느껴지지 않는 거니.
C:/Users/user/Desktop/furina_project/vits/dataset/wavs\voice_3.wav|난 신인 포칼로스야.
C:/Users/user/Desktop/furina_project/vits/dataset/wavs\voice_3.wav|폰타인의 수많은 눈이 날 지켜보고 있다고.
C:/Users/user/Desktop/furina_project/vits/dataset/wavs\voice_3.wav|난 언제나 우아하고 고귀한 자태를 유지해야지.
C:/Users/user/Desktop/furina_project/vits/dataset/wavs\voice_3.wav|불이 나. 푸리나... 어... 누구야?
C:/Users/user/Desktop/furina_project/vits/dataset/wavs\voice_3.wav|누가 날 부르는 거지? 안심해. 두려워할 거 없어.
C:/Users/user/Desktop/furina_project/vits/dataset/wavs\voice_3.wav|난 바로 네 앞에 있거든. 뭐야?
C:/Users/user/Desktop/furina_project/vits/dataset/wavs\voice_3.wav|그런 호칭도 나쁘지 않네. 난 거울 속의 너야.
C:/Users/user/Desktop/furina_project/vits/dataset/wavs\voice_3.wav|거울 속의 나라니. 예언에 대해 들어봤니?
C:/Users/user/Desktop/furina_project/vits/dataset/wavs\voice_3.wav|무슨 예언? 아 잠깐 알겠어.
C:/Users/user/Desktop/furina_project/vits/dataset/wavs\voice_3.wav|왜인지는 모르겠지만, 꼭 내 머릿속에 있는 것 같아.
C:/Users/user/Desktop/furina_project/vits/dataset/wavs\voice_3.wav|모든 이는 바다에 용이 될 것이며 오직 물의 신만이 신자에 남아 눈물을 흘리리라.
C:/Users/user/Desktop/furina_project/vits/dataset/wavs\voice_3.wav|그때 비로소 폰타인 사람의 죄도 씻겨 나가게 될 것이다.
C:/Users/user/Desktop/furina_project/vits/dataset/wavs\voice_3.wav|좋아 잘 알고 있구나. 어떻게 된 거지?
C:/Users/user/Desktop/furina_project/vits/dataset/wavs\voice_3.wav|내 기억은 모두 흐릿하지만 그 예언만큼은 똑똑히 기억나.
C:/Users/user/Desktop/furina_project/vits/dataset/wavs\voice_3.wav|예언에서 말한 내용이 정말로 일어날까?
C:/Users/user/Desktop/furina_project/vits/dataset/wavs\voice_3.wav|응 그래서 널 찾아왔어. 폰타인의 재앙은 언젠가 반드시 일어날 거야.
C:/Users/user/Desktop/furina_project/vits/dataset/wavs\voice_3.wav|모든 게 예언대로 흘러갈 거고, 절대 피할 수 없지.
C:/Users/user/Desktop/furina_project/vits/dataset/wavs\voice_3.wav|다들 죽는 거야. 폰타인 사람인 나도 용해 되는 거야.
C:/Users/user/Desktop/furina_project/vits/dataset/wavs\voice_3.wav|걱정 마. 기묘한 만남은 늘 기회를 가져다 주거든.
C:/Users/user/Desktop/furina_project/vits/dataset/wavs\voice_3.wav|오늘 니가 날 만난 것처럼 모두를 살릴 방법을 알려줄게.
C:/Users/user/Desktop/furina_project/vits/dataset/wavs\voice_3.wav|대신 네가 조금 괴로울 거야. 뭐야? 방법이 있었구나.
C:/Users/user/Desktop/furina_project/vits/dataset/wavs\voice_3.wav|깜짝이야. 너무 단호하게 말하길래 놀랐다고.
C:/Users/user/Desktop/furina_project/vits/dataset/wavs\voice_3.wav|내가 괴로운 건 왜 하필 나냐는 생각이 가장 먼저 떠오르긴 했지만,
C:/Users/user/Desktop/furina_project/vits/dataset/wavs\voice_3.wav|예언이 실현되면 어차피 나도 죽는 거잖아.
C:/Users/user/Desktop/furina_project/vits/dataset/wavs\voice_3.wav|게다가 뜻밖의 만남이 이미 날 찾아왔고
C:/Users/user/Desktop/furina_project/vits/dataset/wavs\voice_3.wav|만약 저울의 한쪽이 모든 폰타인 사람의 목숨이고
C:/Users/user/Desktop/furina_project/vits/dataset/wavs\voice_3.wav|다른 한쪽은 내 고통이라면 어느 쪽으로 기울지는 뻔하지
C:/Users/user/Desktop/furina_project/vits/dataset/wavs\voice_3.wav|역시 넌 가장 완벽한 인간 네가 꿈꾸던 이상이야
C:/Users/user/Desktop/furina_project/vits/dataset/wavs\voice_3.wav|그게 바로 너의 정이겠지 오 아무것도 아니야.
C:/Users/user/Desktop/furina_project/vits/dataset/wavs\voice_3.wav|잘 들어 폰타인은 방금 막 물의 신을 이뤘어
C:/Users/user/Desktop/furina_project/vits/dataset/wavs\voice_3.wav|이제 니가 새로운 신의 역할을 맡아 줬으면 해
C:/Users/user/Desktop/furina_project/vits/dataset/wavs\voice_3.wav|아무도 너의 신분을 의심할 수 없게 계속 연기하는 거야.
C:/Users/user/Desktop/furina_project/vits/dataset/wavs\voice_3.wav|니가 성공하면 내가 예언에 맞설 수 있지만
C:/Users/user/Desktop/furina_project/vits/dataset/wavs\voice_3.wav|네 신분이 밝혀지게 되면 마지막 희망도 사라지겠지
C:/Users/user/Desktop/furina_project/vits/dataset/wavs\voice_3.wav|하지만 그게 어떻게 가능해 인간의 신분으로 신을 연기해야 하는 데다
C:/Users/user/Desktop/furina_project/vits/dataset/wavs\voice_3.wav|들켜서도 안 된다니 걱정 마 진짜 신이 되라는 게 아니라
C:/Users/user/Desktop/furina_project/vits/dataset/wavs\voice_3.wav|인간들이 생각하는 신의 모습을 연기하기만 하면 되니까.
C:/Users/user/Desktop/furina_project/vits/dataset/wavs\voice_3.wav|너도 인간이니까. 그게 어떤 모습인지 잘 알 거야.
C:/Users/user/Desktop/furina_project/vits/dataset/wavs\voice_3.wav|니가 직면하게 될 문제는 어떻게 신성을 찾는지가 아니라
C:/Users/user/Desktop/furina_project/vits/dataset/wavs\voice_3.wav|어떻게 인간성에 대항하느냐란 걸 잊지 마
C:/Users/user/Desktop/furina_project/vits/dataset/wavs\voice_3.wav|아직 잘 이해가 안 되지만 한번 해 볼게
C:/Users/user/Desktop/furina_project/vits/dataset/wavs\voice_3.wav|그럼 물의 신은 언제까지 연기해야 하는 거야.
C:/Users/user/Desktop/furina_project/vits/dataset/wavs\voice_3.wav|그 임무를 완료하려면 아주 오랜 시간이 필요해
C:/Users/user/Desktop/furina_project/vits/dataset/wavs\voice_3.wav|모든 게 끝날 때까지 넌 늙지도 않을 거야.
C:/Users/user/Desktop/furina_project/vits/dataset/wavs\voice_3.wav|하지만 약속할게 성대하고 극적인 심판 속에서 모든 게 끝나면
C:/Users/user/Desktop/furina_project/vits/dataset/wavs\voice_3.wav|모두가 구원받을 거라고 심판이라고 아이 어쩐지 정말 설레고 기대되네
C:/Users/user/Desktop/furina_project/vits/dataset/wavs\voice_3.wav|시기청에서 내가 물의 신 자리를 계승한다고 발표했지만,
C:/Users/user/Desktop/furina_project/vits/dataset/wavs\voice_3.wav|이렇게 사람들 앞에 직접 서는 건 처음이네
C:/Users/user/Desktop/furina_project/vits/dataset/wavs\voice_3.wav|취임 연설이라 어떻게 해야 신처럼 보이려나
C:/Users/user/Desktop/furina_project/vits/dataset/wavs\voice_3.wav|솔직히 잘 모르겠지만, 일단 자연스럽게만 행동하자
C:/Users/user/Desktop/furina_project/vits/dataset/wavs\voice_3.wav|으응 이 좋은 밤에 다들 에피클래스 오페라하우스에 와줘서 정말 고마워
C:/Users/user/Desktop/furina_project/vits/dataset/wavs\voice_3.wav|내가 물의 신 자리를 계승한다는 얘기는 다 들었지
C:/Users/user/Desktop/furina_project/vits/dataset/wavs\voice_3.wav|맞아 내가 바로 푸리나 드폰타인 너희의 새로운 물의 신이야
C:/Users/user/Desktop/furina_project/vits/dataset/wavs\voice_3.wav|한 나라의 새로운 신이 되는 것에 대한 경험은 없지만,
C:/Users/user/Desktop/furina_project/vits/dataset/wavs\voice_3.wav|모두를 이끌게 돼서 정말 영광이라 생각해
C:/Users/user/Desktop/furina_project/vits/dataset/wavs\voice_3.wav|마신 포칼루스이자 정의의 신으로서 공평한 시대를 만들기 위해 최선을 다하겠다고 약속할게
C:/Users/user/Desktop/furina_project/vits/dataset/wavs\voice_3.wav|다시 한번 와 줘서 정말 고마워
C:/Users/user/Desktop/furina_project/vits/dataset/wavs\voice_3.wav|질문이나 의견이 있으면 추기청으로 제출해 줘
C:/Users/user/Desktop/furina_project/vits/dataset/wavs\voice_3.wav|폰타인의 미래를 위해선 모두의 노력이 필요하니까
C:/Users/user/Desktop/furina_project/vits/dataset/wavs\voice_3.wav|이걸로 된 거겠지 말을 더듬을 줄 알았는데 다행히 내 생각을 제대로 전달한 것 같아
C:/Users/user/Desktop/furina_project/vits/dataset/wavs\voice_3.wav|그럼 이제 잠깐 왜 다들 날 의심하는 거지
C:/Users/user/Desktop/furina_project/vits/dataset/wavs\voice_3.wav|큰일인데 이러다 들키기라도 하면 예언으로부터 모두를 구할 수 없어
C:/Users/user/Desktop/furina_project/vits/dataset/wavs\voice_3.wav|거울 속에 내가 그랬지 인간이 생각하는 신의 이미지를 연기하면 된다고
C:/Users/user/Desktop/furina_project/vits/dataset/wavs\voice_3.wav|사람들이 원하는 신 저들이 생각하는 신의 모습을 생각해 보자
C:/Users/user/Desktop/furina_project/vits/dataset/wavs\voice_3.wav|포스 넘치고 존재감이 확실한 모든 의심을 무너뜨릴 이미지
C:/Users/user/Desktop/furina_project/vits/dataset/wavs\voice_3.wav|내가 연기해야 할 그런 이미지 아주 좋구나 내 백성들아
C:/Users/user/Desktop/furina_project/vits/dataset/wavs\voice_3.wav|그렇게 나와야 나 푸리나의 통치를 받기에 합당하지
C:/Users/user/Desktop/furina_project/vits/dataset/wavs\voice_3.wav|만약 나약한 꼭두각시가 이 무대에 올라 오페라 하우스의 주인이 되겠다고 하면
C:/Users/user/Desktop/furina_project/vits/dataset/wavs\voice_3.wav|폰타인의 백성들이 순순히 받아들일지 궁금했거든.
C:/Users/user/Desktop/furina_project/vits/dataset/wavs\voice_3.wav|이제 보니 너흰 그런 따분한 녀석들이 아니라 만족스럽구나
C:/Users/user/Desktop/furina_project/vits/dataset/wavs\voice_3.wav|이 오페라하우스에서 나와 함께 장대한 심판을 지켜볼 자격이 충분해
C:/Users/user/Desktop/furina_project/vits/dataset/wavs\voice_3.wav|방금의 퍼포먼스는 너희에게 주는 인사 선물이다.
C:/Users/user/Desktop/furina_project/vits/dataset/wavs\voice_3.wav|나름 오페라하우스에 어울리는 오프닝 멘트였지
C:/Users/user/Desktop/furina_project/vits/dataset/wavs\voice_3.wav|그럼 다시 한번 나를 소개하마 사람들의 생각이 바뀐 모양이네
C:/Users/user/Desktop/furina_project/vits/dataset/wavs\voice_3.wav|이 느낌 그대로 취임 연설을 다시 시작해 보자
C:/Users/user/Desktop/furina_project/vits/dataset/wavs\voice_3.wav|내 사랑하는 백성들아 날 인정하든 인정하지 않든
C:/Users/user/Desktop/furina_project/vits/dataset/wavs\voice_3.wav|날 믿든 믿지 않든 모두 정의에 대한 열정을 잃지 말렴
C:/Users/user/Desktop/furina_project/vits/dataset/wavs\voice_3.wav|이 나라의 죄는 더 이상 씻을 수 없다고 들었는데 마침 잘됐구나
C:/Users/user/Desktop/furina_project/vits/dataset/wavs\voice_3.wav|죄악에서 피어난 정이야말로 가장 향기로운 법이니까.
C:/Users/user/Desktop/furina_project/vits/dataset/wavs\voice_3.wav|정의의 신의 저울은 무겁지 않아야 하지
C:/Users/user/Desktop/furina_project/vits/dataset/wavs\voice_3.wav|한쪽엔 공평과 공정이 있고 다른 한쪽엔 환호와 박수가 있어야 하니까
C:/Users/user/Desktop/furina_project/vits/dataset/wavs\voice_3.wav|법을 기도문으로 삼고 심판을 예배 삼아 불을 지펴
C:/Users/user/Desktop/furina_project/vits/dataset/wavs\voice_3.wav|폰타인의 미래를 위해 나와 함께 술잔을 비웃었구나
C:/Users/user/Desktop/furina_project/vits/dataset/wavs\voice_3.wav|안 돼 그러면 또 의심받을 거야.
C:/Users/user/Desktop/furina_project/vits/dataset/wavs\voice_3.wav|폰타인 백성들이 생각하는 신을 연기해야 해
C:/Users/user/Desktop/furina_project/vits/dataset/wavs\voice_3.wav|이 세상에 심판으로 해결되지 않는 문제는 없단다
C:/Users/user/Desktop/furina_project/vits/dataset/wavs\voice_3.wav|나의 백성들아 마음속에 정의를 향한 굳건한 믿음만 있다면 말이지
C:/Users/user/Desktop/furina_project/vits/dataset/wavs\voice_3.wav|이 에피클래스 오페라 하우스에서 이 계시의 판결 추기 장치 앞에서
C:/Users/user/Desktop/furina_project/vits/dataset/wavs\voice_3.wav|나 마신 포칼로스는 이 세계의 신들까지도 나도 그때 현장에 있었잖아.
C:/Users/user/Desktop/furina_project/vits/dataset/wavs\voice_3.wav|그런 자질구레한 것들은 느비예트에게 맡기라고
C:/Users/user/Desktop/furina_project/vits/dataset/wavs\voice_3.wav|게다가 이 중엔 내가 기대하던 심판이 하나도 없잖아.
C:/Users/user/Desktop/furina_project/vits/dataset/wavs\voice_3.wav|여긴 모든 걸 끝내주는 심판이지
C:/Users/user/Desktop/furina_project/vits/dataset/wavs\voice_3.wav|아 말해도 넌 모르겠지만, 당황할 거 없어
C:/Users/user/Desktop/furina_project/vits/dataset/wavs\voice_3.wav|내가 한 말도 너무 신경 쓸 필요 없고 이만 가봐
C:/Users/user/Desktop/furina_project/vits/dataset/wavs\voice_3.wav|내가 기대하는 심판은 언젠간 도래할 테니까.
C:/Users/user/Desktop/furina_project/vits/dataset/wavs\voice_3.wav|감사 인사는 됐어 오히려 날 만나기 위해 오랜 시간을 기다린 너의 끈기에 감사하렴
C:/Users/user/Desktop/furina_project/vits/dataset/wavs\voice_3.wav|나의 매력이 어떤 면으론 너희를 곤란하게 하나 보네
C:/Users/user/Desktop/furina_project/vits/dataset/wavs\voice_3.wav|아무튼 이름이 데호테리야 맞지 요새 아들의 병은 좀 어때
C:/Users/user/Desktop/furina_project/vits/dataset/wavs\voice_3.wav|아주 좋아 다음에 또 그런 일이 있으면 미리 말해 주렴
C:/Users/user/Desktop/furina_project/vits/dataset/wavs\voice_3.wav|가끔은 기분전환 참 백송이 집에 가 보는 것도 나쁘지 않겠지
C:/Users/user/Desktop/furina_project/vits/dataset/wavs\voice_3.wav|역시 신으로서 이미 알고 있던 결과야
C:/Users/user/Desktop/furina_project/vits/dataset/wavs\voice_3.wav|단지 인간의 지혜로 어디까지 분석할 수 있을지 확인하려던 것뿐이지
C:/Users/user/Desktop/furina_project/vits/dataset/wavs\voice_3.wav|수많은 징조가 예언이 반드시 일어날 거라 말하고 있어
C:/Users/user/Desktop/furina_project/vits/dataset/wavs\voice_3.wav|뭐 이건 지금 너희가 신경 쓸 문제는 아니지만,
C:/Users/user/Desktop/furina_project/vits/dataset/wavs\voice_3.wav|정말 뭔가 알아낸 게 있어 그래 그렇겠지 이 일은 신의 영역이니까.
C:/Users/user/Desktop/furina_project/vits/dataset/wavs\voice_3.wav|그들의 연구 정신만은 칭찬할 만해 오늘도 드디어 끝났네
C:/Users/user/Desktop/furina_project/vits/dataset/wavs\voice_3.wav|물의 신을 연기하다 보면 숨 돌릴 틈도 없다니까
C:/Users/user/Desktop/furina_project/vits/dataset/wavs\voice_3.wav|그래도 다행히 모든 걸 조금씩 정상적으로 돌아가고 있어
C:/Users/user/Desktop/furina_project/vits/dataset/wavs\voice_3.wav|의심의 목소리도 사그라들고 있고 지금 이대로만 하면 돼
C:/Users/user/Desktop/furina_project/vits/dataset/wavs\voice_3.wav|그럼 모두를 구할 수 있어 휴 그만 생각하자 내일도 계속해야 되니까.
C:/Users/user/Desktop/furina_project/vits/dataset/wavs\voice_3.wav|얼른 쉬어야 알겠어 현장에서 다 봤던 걸 일일이 반복할 필요 없다고
C:/Users/user/Desktop/furina_project/vits/dataset/wavs\voice_3.wav|그래 내 충실한 백성아 지금의 행복은 너와 나 모두의 영광이란다
C:/Users/user/Desktop/furina_project/vits/dataset/wavs\voice_3.wav|알겠어 계속 관측하도록 해 과학원 쪽에서도 소식 있으면 알려주고
C:/Users/user/Desktop/furina_project/vits/dataset/wavs\voice_3.wav|오늘 뭐 실수한 거 없었겠지 백성들이 가장 안심할 수 있는 모습을 보여줘야 해
C:/Users/user/Desktop/furina_project/vits/dataset/wavs\voice_3.wav|근데 이런 생활은 도대체 언제쯤 끝이 날까 정신적으로 너무 피곤해
C:/Users/user/Desktop/furina_project/vits/dataset/wavs\voice_3.wav|오늘도 일찍 쉬어야겠어 가문이구나 너처럼 신실한 신도 혹은 신실한 신도의 후예를 만나는 건 참 기쁜 일이지
C:/Users/user/Desktop/furina_project/vits/dataset/wavs\voice_3.wav|어 왜 그러니 나의 충실한 백성아 어떻게 된 거지 전혀 몰랐는걸
C:/Users/user/Desktop/furina_project/vits/dataset/wavs\voice_3.wav|내 몸에 물 원소가 너무 충만해서 그런 것 같네 별 수 없지
C:/Users/user/Desktop/furina_project/vits/dataset/wavs\voice_3.wav|그야 난 물 원소를 관장하는 신이니까.
C:/Users/user/Desktop/furina_project/vits/dataset/wavs\voice_3.wav|너무 길고 너무 외로워 얼마나 더 기다려야 하는 거야.
C:/Users/user/Desktop/furina_project/vits/dataset/wavs\voice_3.wav|벌써 몇백 년이 흘렀어 어쩌면 앞으로도 몇 백 년을 더 해야 할지도 몰라
C:/Users/user/Desktop/furina_project/vits/dataset/wavs\voice_3.wav|이게 이렇게 괴로운 과정일 줄은 몰랐어 이제 한계인 걸까
C:/Users/user/Desktop/furina_project/vits/dataset/wavs\voice_3.wav|아니 이미 오래전부터 한계였어.
C:/Users/user/Desktop/furina_project/vits/dataset/wavs\voice_3.wav|오늘 눈물이 나는 것도 눈치채지 못했으니까
C:/Users/user/Desktop/furina_project/vits/dataset/wavs\voice_3.wav|한 명이라도 좋으니까 하지만 그럼 모든 노력이 물거품이 되겠지
C:/Users/user/Desktop/furina_project/vits/dataset/wavs\voice_3.wav|몇 백 년 동안 수많은 조사를 했는데도 예언을 무너뜨릴 희망은 전혀 없었어
C:/Users/user/Desktop/furina_project/vits/dataset/wavs\voice_3.wav|이제 물의 신을 계속 연기하는 게 폰타인을 구한 유일한 방법이라고 믿는 수밖에 없어
C:/Users/user/Desktop/furina_project/vits/dataset/wavs\voice_3.wav|꼭 성공해 줘 거울 속에 나 푸린아 너 혼자 모든 걸 짊어질 필요는 없어
C:/Users/user/Desktop/furina_project/vits/dataset/wavs\voice_3.wav|뭘 더 알고 있는진 모르겠지만, 너의 백성들은 그 짐을 함께 나누길 원할 거야.
C:/Users/user/Desktop/furina_project/vits/dataset/wavs\voice_3.wav|이렇게 나눈다고 그건 불가능해 이건 처음부터 나 혼자 짊어져야 할 책임이었으니까
C:/Users/user/Desktop/furina_project/vits/dataset/wavs\voice_3.wav|짐을 나누고 싶지 않다면 난 증인이니까.
C:/Users/user/Desktop/furina_project/vits/dataset/wavs\voice_3.wav|증인이라 어 그러네 넌 별바다 밖에서 왔다며
C:/Users/user/Desktop/furina_project/vits/dataset/wavs\voice_3.wav|그러니까 단 한 번도 이곳 사람인 적이 없다는 말이네
C:/Users/user/Desktop/furina_project/vits/dataset/wavs\voice_3.wav|티바트의 모든 게 무대 위 연극이라면 넌 오페라하우스의 관객일 뿐인 거야.
C:/Users/user/Desktop/furina_project/vits/dataset/wavs\voice_3.wav|그렇지 만약 너라면 맞는 말이야.
C:/Users/user/Desktop/furina_project/vits/dataset/wavs\voice_3.wav|여행자라면 털어놓아도 괜찮지 않을까?
C:/Users/user/Desktop/furina_project/vits/dataset/wavs\voice_3.wav|하지만 혹시라도 일이 예상과 다르게 흘러가면 폰타인 백성들이 위험해지는데
C:/Users/user/Desktop/furina_project/vits/dataset/wavs\voice_3.wav|이기적으로 굴지 말자 그런데 만약 정말 괜찮은 거라면
C:/Users/user/Desktop/furina_project/vits/dataset/wavs\voice_3.wav|지금까지 오랫동안 노력해 왔잖아.
C:/Users/user/Desktop/furina_project/vits/dataset/wavs\voice_3.wav|푸리나 조금은 이기적으로 굴어도 되지 않을까?
C:/Users/user/Desktop/furina_project/vits/dataset/wavs\voice_3.wav|엄청 심한 짓도 아니고 적절한 사람에게 고민과 괴로움을 살짝 털어놓는 것뿐이니까.
C:/Users/user/Desktop/furina_project/vits/dataset/wavs\voice_3.wav|그러니까 괜찮겠지 지금을 놓치면 다신 기회가 없을지도 모르잖아.
C:/Users/user/Desktop/furina_project/vits/dataset/wavs\voice_3.wav|조금만 더 조금만 더 생각해 보자 아냐 털어놓고 싶은 말 같은 거 없어
C:/Users/user/Desktop/furina_project/vits/dataset/wavs\voice_3.wav|난 물의 신 푸리나니까 문제없을 거야.
C:/Users/user/Desktop/furina_project/vits/dataset/wavs\voice_3.wav|관객으로서 막이 내릴 때까지 날 제대로 지켜보라고
C:/Users/user/Desktop/furina_project/vits/dataset/wavs\voice_3.wav|맞아 찬이를 속이려면 먼저 나부터 속여야 하니까
C:/Users/user/Desktop/furina_project/vits/dataset/wavs\voice_3.wav|푸리나는 정말 대단해
C:/Users/user/Desktop/furina_project/vits/dataset/wavs\voice_3.wav|이 500년 동안 한순간이라도 긴장을 늦췄으면
C:/Users/user/Desktop/furina_project/vits/dataset/wavs\voice_3.wav|폰타인은 최악의 결과를 맞이했을 거야.
C:/Users/user/Desktop/furina_project/vits/dataset/wavs\voice_3.wav|인간을 믿는 건 올바른 선택이었어
C:/Users/user/Desktop/furina_project/vits/dataset/wavs\voice_3.wav|역시 폰타인의 최고 심판관 아주 논리적이야
C:/Users/user/Desktop/furina_project/vits/dataset/wavs\voice_3.wav|게시판결 추기 장치가 생각보다 복잡하다는 건 이미 눈치챘겠지
C:/Users/user/Desktop/furina_project/vits/dataset/wavs\voice_3.wav|제법인데 겉으로 보면 그게 맞아
C:/Users/user/Desktop/furina_project/vits/dataset/wavs\voice_3.wav|난 폰타인의 신의 심장을 갖고 게시판결 장치와 하나가 됐거든.
C:/Users/user/Desktop/furina_project/vits/dataset/wavs\voice_3.wav|그런데 게시판결 장치에 대한 이해가 아직은 좀 부족하네
C:/Users/user/Desktop/furina_project/vits/dataset/wavs\voice_3.wav|그 장치는 정의를 집행하는 기계가 아냐
C:/Users/user/Desktop/furina_project/vits/dataset/wavs\voice_3.wav|사실은 정의의 신을 죽이기 위한 기계지
C:/Users/user/Desktop/furina_project/vits/dataset/wavs\voice_3.wav|아니 정의의 신의 신좌까지 파괴해 버리는 기계라고 해야 맞겠네
C:/Users/user/Desktop/furina_project/vits/dataset/wavs\voice_3.wav|나라고 푸리나가 괴로워하는 걸 보며 혼자 마음 편하게 지낸 건 아니라고
C:/Users/user/Desktop/furina_project/vits/dataset/wavs\voice_3.wav|이 500년 동안 게시판결 장치 안에서 판결 에너지를 축적하는 게 바로 내 일이었어
C:/Users/user/Desktop/furina_project/vits/dataset/wavs\voice_3.wav|이미 발견한 사람도 있지만 게시판결 장치에서 생성된 에너지 중 폰타인에 공급된 건 극히 일부야
C:/Users/user/Desktop/furina_project/vits/dataset/wavs\voice_3.wav|나머지는 대부분 오늘의 사형 집행을 위해 축적돼 왔지
C:/Users/user/Desktop/furina_project/vits/dataset/wavs\voice_3.wav|이 500년 동안 폰타인 백성들이 천 년 아니 만 년은 족히 쓸 수 있는 에너지가 게시판결 장치에 축적됐어
C:/Users/user/Desktop/furina_project/vits/dataset/wavs\voice_3.wav|이 정도 규모의 에너지는 돼야 셀레스티아의 규칙을 흔들고 일곱 명의 집정관 구조를 깨뜨려 물의 신의 신좌를 파괴할 수 있지
C:/Users/user/Desktop/furina_project/vits/dataset/wavs\voice_3.wav|당연히 원래 너에게 속했던 걸 돌려준다는 거 아니겠어
C:/Users/user/Desktop/furina_project/vits/dataset/wavs\voice_3.wav|쉽게 말해 이 모든 건 물의 신의 권능을 이 별의 물 원소 용에게 돌려주기 위함이야
C:/Users/user/Desktop/furina_project/vits/dataset/wavs\voice_3.wav|뭐야?
C:/Users/user/Desktop/furina_project/vits/dataset/wavs\voice_3.wav|또 슬퍼하는 거야. 곧 고대용의 대권을 돌려받을 수 있다는데
C:/Users/user/Desktop/furina_project/vits/dataset/wavs\voice_3.wav|티바트의 물의 용왕이 그런 표정을 지으면 어떡해
C:/Users/user/Desktop/furina_project/vits/dataset/wavs\voice_3.wav|그런 식으로 생각해 본 적 없어
C:/Users/user/Desktop/furina_project/vits/dataset/wavs\voice_3.wav|지금 이 순간에도 난 찬리를 속였다는 사실에 기뻐하고 있는걸
C:/Users/user/Desktop/furina_project/vits/dataset/wavs\voice_3.wav|물의 용아 물의 용아 울지 마
C:/Users/user/Desktop/furina_project/vits/dataset/wavs\voice_3.wav|가능하다면 내가 찬 리를 심판하고 싶어
C:/Users/user/Desktop/furina_project/vits/dataset/wavs\voice_3.wav|찬 리도 에게리야와 비슷한 죄를 지었잖아.
C:/Users/user/Desktop/furina_project/vits/dataset/wavs\voice_3.wav|에게리야는 원시 모태 바다의 힘을 훔쳤고
C:/Users/user/Desktop/furina_project/vits/dataset/wavs\voice_3.wav|찬 리는 너희 고대용의 힘을 훔쳤으니까
C:/Users/user/Desktop/furina_project/vits/dataset/wavs\voice_3.wav|정의의 신으로서 원래 너에게 속했던 힘을 돌려주는 게 바로 정의고
C:/Users/user/Desktop/furina_project/vits/dataset/wavs\voice_3.wav|정의의 이름에 합당한 거 아니겠어
C:/Users/user/Desktop/furina_project/vits/dataset/wavs\voice_3.wav|정의 얘기가 나와서 말인데 난 정의란 항상 인간의 존재 그 자체를 쫓는 과정이라 여겨 왔어
C:/Users/user/Desktop/furina_project/vits/dataset/wavs\voice_4.wav|쉽게 말해 이 모든 건 물의 신의 권능을 이 별의 물 원소 용에게 돌려주기 위함이야
C:/Users/user/Desktop/furina_project/vits/dataset/wavs\voice_4.wav|뭐야? 또 슬퍼하는 거야.
C:/Users/user/Desktop/furina_project/vits/dataset/wavs\voice_4.wav|곧 고대 용의 대권을 돌려받을 수 있다는데
C:/Users/user/Desktop/furina_project/vits/dataset/wavs\voice_4.wav|티바트의 물의 용왕이 그런 표정을 지으면 어떡해
C:/Users/user/Desktop/furina_project/vits/dataset/wavs\voice_4.wav|그런 식으로 생각해 본 적 없어
C:/Users/user/Desktop/furina_project/vits/dataset/wavs\voice_4.wav|지금 이 순간에도 난 찬리를 속였다는 사실에 기뻐하고 있는걸
C:/Users/user/Desktop/furina_project/vits/dataset/wavs\voice_4.wav|물의 용아 물의 용아 울지 마
C:/Users/user/Desktop/furina_project/vits/dataset/wavs\voice_4.wav|가능하다면 내가 찬 리를 심판하고 싶어
C:/Users/user/Desktop/furina_project/vits/dataset/wavs\voice_4.wav|찬 리도 에게리야와 비슷한 죄를 지었잖아.
C:/Users/user/Desktop/furina_project/vits/dataset/wavs\voice_4.wav|에게리야는 원시 모태 바다의 힘을 훔쳤고
C:/Users/user/Desktop/furina_project/vits/dataset/wavs\voice_4.wav|찬 리는 너희 고대용의 힘을 훔쳤으니까
C:/Users/user/Desktop/furina_project/vits/dataset/wavs\voice_4.wav|정의의 신으로서 원래 너에게 속했던 힘을 돌려주는 게 바로 정의고
C:/Users/user/Desktop/furina_project/vits/dataset/wavs\voice_4.wav|정의의 이름에 합당한 거 아니겠어
C:/Users/user/Desktop/furina_project/vits/dataset/wavs\voice_4.wav|정의 얘기가 나와서 말인데 난 정의란 항상 인간의 존재 그 자체를 쫓는 과정이라 여겨 왔어
C:/Users/user/Desktop/furina_project/vits/dataset/wavs\voice_4.wav|만약 원시 모태 바다의 힘을 훔친 게 폰타인의 원초적 죄라면
C:/Users/user/Desktop/furina_project/vits/dataset/wavs\voice_4.wav|모든 행위의 옳고 그름을 떠나서 폰타인 사람이 인간으로 태어나 이 세상에 존재할 수 있는 자격은
C:/Users/user/Desktop/furina_project/vits/dataset/wavs\voice_4.wav|곧 폰타인의 원초적 정의야
C:/Users/user/Desktop/furina_project/vits/dataset/wavs\voice_4.wav|달리 말해 존재 자체가 에게리야의 정의인 거지
C:/Users/user/Desktop/furina_project/vits/dataset/wavs\voice_4.wav|그리고 나한테 정의는 존속을 의미해
C:/Users/user/Desktop/furina_project/vits/dataset/wavs\voice_4.wav|예언을 깨고 폰타인 사람들을 살리는 게 지금 이 순간 그 무엇보다도 정의로운 일이야
C:/Users/user/Desktop/furina_project/vits/dataset/wavs\voice_4.wav|나와 폰타인 사람은 모두 이 죄를 너무 오랫동안 짊어져 왔어
C:/Users/user/Desktop/furina_project/vits/dataset/wavs\voice_4.wav|최고 심판과 느비에트 원소용의 모든 힘을 되찾은 후에
C:/Users/user/Desktop/furina_project/vits/dataset/wavs\voice_4.wav|넌 우리에게 어떤 판결을 내릴 거야.
C:/Users/user/Desktop/furina_project/vits/dataset/wavs\voice_4.wav|남의 새집에 왈가왈부하기 전에 우선 당사자가 옆에 있는지부터 살피지 그래
C:/Users/user/Desktop/furina_project/vits/dataset/wavs\voice_4.wav|그냥 평범하게 쇼핑하러 나갔다 온 거거든.
C:/Users/user/Desktop/furina_project/vits/dataset/wavs\voice_4.wav|집에 마카로니가 다 떨어져서 몇 봉지 사 왔을 뿐이야
C:/Users/user/Desktop/furina_project/vits/dataset/wavs\voice_4.wav|전엔 선택할 수 있는 음식의 폭이 더 넓었지만
C:/Users/user/Desktop/furina_project/vits/dataset/wavs\voice_4.wav|지금은 뭐 이런 소박하고 전통적인 음식도 나쁘지 않아
C:/Users/user/Desktop/furina_project/vits/dataset/wavs\voice_4.wav|저녁 소스만 여러 가지 준비하면
C:/Users/user/Desktop/furina_project/vits/dataset/wavs\voice_4.wav|일주일은 토마토 소스를 넣었다가 일주일은 미트소스를 넣었다가 하면 돼
C:/Users/user/Desktop/furina_project/vits/dataset/wavs\voice_4.wav|무례하네 내 요리 실력을 의심하다니
C:/Users/user/Desktop/furina_project/vits/dataset/wavs\voice_4.wav|어차피 나가서 할 일도 없고 집에만 있는 거 좀 간단하게 먹는 게 당연하잖아.
C:/Users/user/Desktop/furina_project/vits/dataset/wavs\voice_4.wav|그리고 모래신님께나 탱글 내가 배우기만 하면 금방 만든다고
C:/Users/user/Desktop/furina_project/vits/dataset/wavs\voice_4.wav|그냥 지금 못하는 것 뿐이라고
C:/Users/user/Desktop/furina_project/vits/dataset/wavs\voice_4.wav|그러니 너희는 대체 뭐 하러 온 거야.
C:/Users/user/Desktop/furina_project/vits/dataset/wavs\voice_4.wav|초라한 내 일상이라도 구경 왔니
C:/Users/user/Desktop/furina_project/vits/dataset/wavs\voice_4.wav|미리 말해 두는데 우리 집은 손님 안 받으니까 볼일 없으면 당장 돌아가
C:/Users/user/Desktop/furina_project/vits/dataset/wavs\voice_4.wav|정말이지 음 잊었나 본데 이제 난 물의 신이 아니야.
C:/Users/user/Desktop/furina_project/vits/dataset/wavs\voice_4.wav|신에 눈조차 없다고 어 그렇게까지 말한다면야
C:/Users/user/Desktop/furina_project/vits/dataset/wavs\voice_4.wav|원래 너희의 태도를 지적할 셈이었지만 일단은 넘어가 줄게
C:/Users/user/Desktop/furina_project/vits/dataset/wavs\voice_4.wav|그래서 무슨 일인데 그래 그랬구나
C:/Users/user/Desktop/furina_project/vits/dataset/wavs\voice_4.wav|역시 너희가 날 비웃으러 여기까지 온 게 아닐 줄 알았어.
C:/Users/user/Desktop/furina_project/vits/dataset/wavs\voice_4.wav|아무래도 난 폰타인의 가장 빛나는 스타였으니까
C:/Users/user/Desktop/furina_project/vits/dataset/wavs\voice_4.wav|무대 경험도 풍부해서 뮤지컬도 어려운 일은 아니지
C:/Users/user/Desktop/furina_project/vits/dataset/wavs\voice_4.wav|하지만 미안하다는 말을 해야겠는걸
C:/Users/user/Desktop/furina_project/vits/dataset/wavs\voice_4.wav|난 못해 더는 무대에 서지 않기로 결심해서 말이야.
C:/Users/user/Desktop/furina_project/vits/dataset/wavs\voice_4.wav|물의 신을 연기하는 직책은 내려놨지만
C:/Users/user/Desktop/furina_project/vits/dataset/wavs\voice_4.wav|세월이 남긴 흔적은 쉽게 사라지지 않아
C:/Users/user/Desktop/furina_project/vits/dataset/wavs\voice_4.wav|몇 백 년의 시간은 사람을 완전히 바꿔놓기 충분하지
C:/Users/user/Desktop/furina_project/vits/dataset/wavs\voice_4.wav|설령 원래의 내가 그렇지 않더라도 말이야.
C:/Users/user/Desktop/furina_project/vits/dataset/wavs\voice_4.wav|물론 이제 와서 이런 말을 해 봐야 다 늦었지만
C:/Users/user/Desktop/furina_project/vits/dataset/wavs\voice_4.wav|나도 과거의 배역에서 벗어날 생각이 없고
C:/Users/user/Desktop/furina_project/vits/dataset/wavs\voice_4.wav|하지만 적어도 이제 다른 사람을 연기하고 싶진 않아
C:/Users/user/Desktop/furina_project/vits/dataset/wavs\voice_4.wav|잠깐이고 아니고의 문제가 아니야.
C:/Users/user/Desktop/furina_project/vits/dataset/wavs\voice_4.wav|난 선은 분명히 그어야 한다고 생각해
C:/Users/user/Desktop/furina_project/vits/dataset/wavs\voice_4.wav|결정을 탄력적으로 한다면, 처음부터 뒷일을 준비해 두는 셈인데
C:/Users/user/Desktop/furina_project/vits/dataset/wavs\voice_4.wav|그럴 바엔 그런 결정을 안 하는 게 낫지
C:/Users/user/Desktop/furina_project/vits/dataset/wavs\voice_4.wav|그러니까 이번 일은 상의할 여지가 없어 없어
C:/Users/user/Desktop/furina_project/vits/dataset/wavs\voice_4.wav|내가 사람들과 관계를 잘 유지하는 타입은 아니잖아.
C:/Users/user/Desktop/furina_project/vits/dataset/wavs\voice_4.wav|전에 다들 나한테 호되게 당하기도 했고
C:/Users/user/Desktop/furina_project/vits/dataset/wavs\voice_4.wav|그런데 이젠 평범한 사람에 불과한 내가 가서 부탁이라도 했다간 비웃음을 사고 말걸
C:/Users/user/Desktop/furina_project/vits/dataset/wavs\voice_4.wav|그렇다고는 해도 자선 공연이면 엄청 비굴하게 빌어야 할 텐데
C:/Users/user/Desktop/furina_project/vits/dataset/wavs\voice_4.wav|싫어 생각만 해도 창피하다고
C:/Users/user/Desktop/furina_project/vits/dataset/wavs\voice_4.wav|안돼 안돼 안돼 아직도 모르겠어
C:/Users/user/Desktop/furina_project/vits/dataset/wavs\voice_4.wav|처음부터 대상을 잘못 고른 거라고
C:/Users/user/Desktop/furina_project/vits/dataset/wavs\voice_4.wav|난 도울 생각 없어 도울 수도 없고
C:/Users/user/Desktop/furina_project/vits/dataset/wavs\voice_4.wav|미안해 이렇게까지 말할 필요는 없었는데
C:/Users/user/Desktop/furina_project/vits/dataset/wavs\voice_4.wav|나도 도움이 되고 싶어 방법이 있었으면 벌써 얘기했겠지
C:/Users/user/Desktop/furina_project/vits/dataset/wavs\voice_4.wav|그래 잘 가 난 들어가서 쉬어야겠어
C:/Users/user/Desktop/furina_project/vits/dataset/wavs\voice_4.wav|아 너 어떡해 아니 난 그냥 뭘 좀 사려다가 지나가던 길이었어 알았어.
C:/Users/user/Desktop/furina_project/vits/dataset/wavs\voice_4.wav|알았다고 내 발로 걸어갈 테니까.
C:/Users/user/Desktop/furina_project/vits/dataset/wavs\voice_4.wav|끌지 마 안녕 어쩌다 실수로 너 얘길 들어버렸는데
C:/Users/user/Desktop/furina_project/vits/dataset/wavs\voice_4.wav|그게 이쪽 상황이 아주 조금 걱정됐달까
C:/Users/user/Desktop/furina_project/vits/dataset/wavs\voice_4.wav|응 아주 조금 요만큼
C:/Users/user/Desktop/furina_project/vits/dataset/wavs\voice_4.wav|너희가 찾아왔을 때 너무 내 생각만 해서 말을 심하게 한 게 아닌가 싶기도 했고
C:/Users/user/Desktop/furina_project/vits/dataset/wavs\voice_4.wav|상황도 제대로 안 듣고 결정한 거니까
C:/Users/user/Desktop/furina_project/vits/dataset/wavs\voice_4.wav|아무튼 좀 마음에 걸려서 말이지 미안해
C:/Users/user/Desktop/furina_project/vits/dataset/wavs\voice_4.wav|페이몬 하여간 난감한 질문만 골라서 한다니까
C:/Users/user/Desktop/furina_project/vits/dataset/wavs\voice_4.wav|그렇게 단칼에 거절해 놓고 이런다는 게 얼마나 창피한 줄 알아
C:/Users/user/Desktop/furina_project/vits/dataset/wavs\voice_4.wav|너한테 들키기까지 하고
C:/Users/user/Desktop/furina_project/vits/dataset/wavs\voice_4.wav|그래도 뭐 문제는 잘 해결된 것 같네, 그렇게 생각할 거 없어
C:/Users/user/Desktop/furina_project/vits/dataset/wavs\voice_4.wav|그렇게 부를 필요도 없고 그냥 풀이 나라고 부르면 돼
C:/Users/user/Desktop/furina_project/vits/dataset/wavs\voice_4.wav|계속 궁금했는데 그렇게 중요하게 여기는 극단이라면서 왜 해산하려는 거야.
C:/Users/user/Desktop/furina_project/vits/dataset/wavs\voice_4.wav|경제적인 문제라면 다른 방법도 있잖아.
C:/Users/user/Desktop/furina_project/vits/dataset/wavs\voice_4.wav|잠깐 활동을 멈추고 투자자들을 찾는다거나 말이야.
C:/Users/user/Desktop/furina_project/vits/dataset/wavs\voice_4.wav|다들 사이가 좋으면 함께 이겨내면 되잖아.
C:/Users/user/Desktop/furina_project/vits/dataset/wavs\voice_4.wav|뭐 그러다가 사고가 터 그랬구나
C:/Users/user/Desktop/furina_project/vits/dataset/wavs\voice_4.wav|피해자 중에 그런 뛰어난 평민 예술가도 있었을 줄이야
C:/Users/user/Desktop/furina_project/vits/dataset/wavs\voice_4.wav|그러니까 마지막 공연은 너희의 커튼콜이자 단장에게 보내는 마지막 선물인 거지
C:/Users/user/Desktop/furina_project/vits/dataset/wavs\voice_4.wav|따라오길 잘했네 그런 서글픈 일이 있었다는 걸 안 이상 나도 손 놓고 있을 순 없겠어
C:/Users/user/Desktop/furina_project/vits/dataset/wavs\voice_4.wav|내가 정한 원칙을 깨겠다는 건 아니야.
C:/Users/user/Desktop/furina_project/vits/dataset/wavs\voice_4.wav|대타 배후가 더 필요해 보이지도 않고
C:/Users/user/Desktop/furina_project/vits/dataset/wavs\voice_4.wav|경험이 풍부한 관객으로서 공연에 약간의 지도와 도움을 줄 수는 있지
C:/Users/user/Desktop/furina_project/vits/dataset/wavs\voice_4.wav|물론 너희가 필요하다면 말이야.
C:/Users/user/Desktop/furina_project/vits/dataset/wavs\voice_4.wav|그런 건 필요 없어 굳이 감사를 표현하고 싶다면 그 단장 얘기나 좀 더 해줘
C:/Users/user/Desktop/furina_project/vits/dataset/wavs\voice_4.wav|오페라하우스를 떠나면서 느꼈어 높은 곳에서 내려다볼 때 보이는 건 극히 일부라는 걸
C:/Users/user/Desktop/furina_project/vits/dataset/wavs\voice_4.wav|법률은 죄를 심판하지만 감정은 재지 못해
C:/Users/user/Desktop/furina_project/vits/dataset/wavs\voice_4.wav|판결이 유죄와 무죄의 논쟁의 막을 내리는 역할이라면
C:/Users/user/Desktop/furina_project/vits/dataset/wavs\voice_4.wav|당사자의 충만한 감정은 결국 어디로 흘러가게 될까
C:/Users/user/Desktop/furina_project/vits/dataset/wavs\voice_4.wav|흥미로운 의견이야 하지만 난 감정은 결국 마음으로 돌아와 시간과 함께 가라앉는다고 봐
C:/Users/user/Desktop/furina_project/vits/dataset/wavs\voice_4.wav|단장을 향한 이들의 그리움처럼
C:/Users/user/Desktop/furina_project/vits/dataset/wavs\voice_4.wav|난 내가 과거에 보지 못했던 걸 지금이라도 봐보고 싶어
C:/Users/user/Desktop/furina_project/vits/dataset/wavs\voice_4.wav|예전이랑 다르다니까 어휴 속이 경 읽기지 말을 말자
C:/Users/user/Desktop/furina_project/vits/dataset/wavs\voice_4.wav|너도 같이 갈래 가끔은 모험을 멈추고 이야기를 듣는 것도 괜찮잖아.
C:/Users/user/Desktop/furina_project/vits/dataset/wavs\voice_4.wav|방금 말한 물의 아이는 뭐야?
C:/Users/user/Desktop/furina_project/vits/dataset/wavs\voice_4.wav|지금까진 아주 전형적인 전개네
C:/Users/user/Desktop/furina_project/vits/dataset/wavs\voice_4.wav|그래서 그다음은 현실적인 비극이라면 단장의 갑작스러운 실종
C:/Users/user/Desktop/furina_project/vits/dataset/wavs\voice_4.wav|아무리 나라도 그런 말을 들으면 쑥스러워진다고
C:/Users/user/Desktop/furina_project/vits/dataset/wavs\voice_4.wav|그래도 뭐 기분이 나쁘진 않니
C:/Users/user/Desktop/furina_project/vits/dataset/wavs\voice_4.wav|내가 볼 때 그 두 사람이 안 돌아오는 건 공연이 어떻게 될지 불확실했다.
C:/Users/user/Desktop/furina_project/vits/dataset/wavs\voice_4.wav|보니 의구심이 들어서일 거야.
C:/Users/user/Desktop/furina_project/vits/dataset/wavs\voice_4.wav|이젠 장애물이 하나둘 해결되고 있으니 다시 불러 모을 때도 됐지
C:/Users/user/Desktop/furina_project/vits/dataset/wavs\voice_4.wav|푸아송 마을이라고 아냐
C:/Users/user/Desktop/furina_project/vits/dataset/wavs\voice_4.wav|아무튼 그가 정신을 차리려면 내가 꼭 있어야 한다는 거지
C:/Users/user/Desktop/furina_project/vits/dataset/wavs\voice_4.wav|그럼 푸아송 마을로 가보자
C:/Users/user/Desktop/furina_project/vits/dataset/wavs\voice_4.wav|예 상대로 질질 끌고 있구나 역시나 마주치게 됐네
C:/Users/user/Desktop/furina_project/vits/dataset/wavs\voice_4.wav|요즘 푸아 속 마을은 좀 어때
C:/Users/user/Desktop/furina_project/vits/dataset/wavs\voice_4.wav|미안해 나도 뭐라도 하고 싶은데 위로해 줘서 고마워
C:/Users/user/Desktop/furina_project/vits/dataset/wavs\voice_4.wav|네 말이 맞아 하지만 아직까지는 무거운 마음을 품고 있고 싶어
C:/Users/user/Desktop/furina_project/vits/dataset/wavs\voice_4.wav|그럼 이제 위로 한번 올라가 보자
C:/Users/user/Desktop/furina_project/vits/dataset/wavs\voice_4.wav|그동안 속마음을 털어놓을 친구가 없었는데 나비야 말처럼 너희가 적임자일지도 모르겠네
C:/Users/user/Desktop/furina_project/vits/dataset/wavs\voice_4.wav|나비야가 도와줘서 다행이야 솔직히 나도 내가 준비가 됐는지 판단이 안 섰거든.
C:/Users/user/Desktop/furina_project/vits/dataset/wavs\voice_4.wav|도망치는 건 쉬운 선택이야
C:/Users/user/Desktop/furina_project/vits/dataset/wavs\voice_4.wav|하지만 그럼 아무 문제도 해결할 수 없고 장애물을 넘어설 수도 없어
C:/Users/user/Desktop/furina_project/vits/dataset/wavs\voice_4.wav|솔직히 겁이 안 난다면 거짓말이지
C:/Users/user/Desktop/furina_project/vits/dataset/wavs\voice_4.wav|하지만 그래도 와 봐야 한다고 생각했어.
C:/Users/user/Desktop/furina_project/vits/dataset/wavs\voice_4.wav|전에 말했던 것처럼 과거에 보지 못한 걸 이제는 보고 싶으니까
C:/Users/user/Desktop/furina_project/vits/dataset/wavs\voice_4.wav|여기 사람들이 날 용서해 준다면 정말 기쁘겠지만,
C:/Users/user/Desktop/furina_project/vits/dataset/wavs\voice_4.wav|날 욕한다고 해도 모두 받아들여야지
C:/Users/user/Desktop/furina_project/vits/dataset/wavs\voice_4.wav|응 그런 시선들이 느껴지긴 해
C:/Users/user/Desktop/furina_project/vits/dataset/wavs\voice_4.wav|물의 신 의상을 입고 푸아송 마을에 온다는 것 자체가 마을 사람에 대한 실례라고 생각할 테니까.
C:/Users/user/Desktop/furina_project/vits/dataset/wavs\voice_4.wav|예전엔 주목받는 걸 무서워했어.
C:/Users/user/Desktop/furina_project/vits/dataset/wavs\voice_4.wav|특히 의심이나 원망이 담긴 시선을
C:/Users/user/Desktop/furina_project/vits/dataset/wavs\voice_4.wav|역시 넌 아직 준비가 안 됐나 봐
C:/Users/user/Desktop/furina_project/vits/dataset/wavs\voice_4.wav|내가 보고 싶은 것만 볼 순 없잖아.
C:/Users/user/Desktop/furina_project/vits/dataset/wavs\voice_4.wav|그럼 예전이랑 다를 게 뭐야?
C:/Users/user/Desktop/furina_project/vits/dataset/wavs\voice_4.wav|역시 여기에 너무 오래 있지 않는 게 좋겠어
C:/Users/user/Desktop/furina_project/vits/dataset/wavs\voice_4.wav|가시 장미회의 배에 올라가면 푸른 속 마을이 다 보이겠지
C:/Users/user/Desktop/furina_project/vits/dataset/wavs\voice_4.wav|우리 거기로 가자
C:/Users/user/Desktop/furina_project/vits/dataset/wavs\voice_4.wav|미안 너흰 그냥 가볍게 산책 나온 건데 내가 괜히 무거운 화자만 꺼낸 것 같네
C:/Users/user/Desktop/furina_project/vits/dataset/wavs\voice_4.wav|그래 고마워 그럼 좀 더 같이 있어 줘
C:/Users/user/Desktop/furina_project/vits/dataset/wavs\voice_4.wav|너희도 느꼈을지 모르지만 내가 과거의 나를 받아들이지 못하는 건
C:/Users/user/Desktop/furina_project/vits/dataset/wavs\voice_4.wav|단순히 오랫동안 아파하고 외로워했기 때문만은 아니야.
C:/Users/user/Desktop/furina_project/vits/dataset/wavs\voice_4.wav|배 가장자리에 서 있으면 머릿속에 물이 차오르던 그때의 장면이 떠올라
C:/Users/user/Desktop/furina_project/vits/dataset/wavs\voice_4.wav|생명이 하나둘 녹아 물이 됐고
C:/Users/user/Desktop/furina_project/vits/dataset/wavs\voice_4.wav|푸아송 마을 주민의 소중한 삶과 추억은 거품이 돼 버렸어
C:/Users/user/Desktop/furina_project/vits/dataset/wavs\voice_4.wav|신의 보호 아래 사람들은 재앙이 강림하기 전 강대한 존재가 나타나 지켜줄 거라 믿었지
C:/Users/user/Desktop/furina_project/vits/dataset/wavs\voice_4.wav|그렇게 믿게끔 끝없이 연기를 했고
C:/Users/user/Desktop/furina_project/vits/dataset/wavs\voice_4.wav|그런데 정말로 물이 차올랐을 때 물의 신은 아무것도 하지 않았어.
C:/Users/user/Desktop/furina_project/vits/dataset/wavs\voice_4.wav|진실을 지키기 위해 난 줄곧 비슷한 일을 겪어야 했어.
C:/Users/user/Desktop/furina_project/vits/dataset/wavs\voice_4.wav|그럴수록 고통과 고독은 커져만 갔지
C:/Users/user/Desktop/furina_project/vits/dataset/wavs\voice_4.wav|그러다 점점 진실 말고는 아무것도 없게 됐어
C:/Users/user/Desktop/furina_project/vits/dataset/wavs\voice_4.wav|완전히 실패해서 자리에 주저앉아 울게 될까 두려웠고
C:/Users/user/Desktop/furina_project/vits/dataset/wavs\voice_4.wav|다행히 너희와 많은 영웅의 도움 덕에 최악의 결말은 피할 수 있었지만 말이야.
C:/Users/user/Desktop/furina_project/vits/dataset/wavs\voice_4.wav|다들 자신의 책임과 의무를 다하고 있는데, 나는 다시 자유의 몸이 됐네
C:/Users/user/Desktop/furina_project/vits/dataset/wavs\voice_4.wav|생각해 보면 자유란 건 날 필요로 하는 사람이 없다는 거잖아.
C:/Users/user/Desktop/furina_project/vits/dataset/wavs\voice_4.wav|이제 난 쓸모가 없어졌으니까 포상
C:/Users/user/Desktop/furina_project/vits/dataset/wavs\voice_4.wav|그렇네 누군가에게 마음을 털어놓는 건 과거엔 상상도 못 할 일이었어
C:/Users/user/Desktop/furina_project/vits/dataset/wavs\voice_4.wav|중요한 비밀을 지켜야 했으니까
C:/Users/user/Desktop/furina_project/vits/dataset/wavs\voice_4.wav|사람들이 진짜 내 모습을 알아챈까 봐 두려웠거든.
C:/Users/user/Desktop/furina_project/vits/dataset/wavs\voice_4.wav|무대 위의 풀이 나를 믿도록 해 그게 너희들이 믿어야 할 모습이니까.
C:/Users/user/Desktop/furina_project/vits/dataset/wavs\voice_4.wav|하지만 무대 아래에선 나의 호기심도 속마음도 절대 들켜선 안 됐어
C:/Users/user/Desktop/furina_project/vits/dataset/wavs\voice_4.wav|그래서 전에 난 좋은 관계를 유지할 줄 아는 사람이 아니라고 얘기했던 거야.
C:/Users/user/Desktop/furina_project/vits/dataset/wavs\voice_4.wav|넌 어째 오늘 하는 말마다 나랑 불협화음이니
C:/Users/user/Desktop/furina_project/vits/dataset/wavs\voice_4.wav|너나 성격 좀 돌아보라고
C:/Users/user/Desktop/furina_project/vits/dataset/wavs\voice_4.wav|과거의 나에겐 진실밖에 없었는데 드디어 해방됐네
C:/Users/user/Desktop/furina_project/vits/dataset/wavs\voice_4.wav|당장은 어디로 가야 할지 모르겠지만, 그래도 이젠 선택할 자격이 주어진 거야.
C:/Users/user/Desktop/furina_project/vits/dataset/wavs\voice_4.wav|이제 그만 돌아갈까 아마 대본의 결말도 완성됐을 거야.
C:/Users/user/Desktop/furina_project/vits/dataset/wavs\voice_4.wav|돼지도 흥미로운걸 그게 아마 어린 모래 정령을 키워준 캐릭터였지
C:/Users/user/Desktop/furina_project/vits/dataset/wavs\voice_4.wav|전에 너희가 그랬지 집이라고 단장을 만나서 참 다행이네,
C:/Users/user/Desktop/furina_project/vits/dataset/wavs\voice_4.wav|그렇게 놀랄 거 없어 그냥 너희 단장 얘길 듣고 감동해서 도와주기로 한 거니까
C:/Users/user/Desktop/furina_project/vits/dataset/wavs\voice_4.wav|의식을 가진 무리라 많은 이야기에서 그렇게 묘사되긴 하지
C:/Users/user/Desktop/furina_project/vits/dataset/wavs\voice_4.wav|그다음엔 연인을 향한 사랑에서 인류에 대한 박애까지
C:/Users/user/Desktop/furina_project/vits/dataset/wavs\voice_4.wav|그게 이 클리오라는 주인공의 위대한 부분이겠네
C:/Users/user/Desktop/furina_project/vits/dataset/wavs\voice_4.wav|음 하지만 그런 결말은 너무 잔혹한 걸
C:/Users/user/Desktop/furina_project/vits/dataset/wavs\voice_4.wav|관중한테도 좀 무책임한 것
C:/Users/user/Desktop/furina_project/vits/dataset/wavs\voice_4.wav|왜 갑자기 성 밖에 숨어 있으라고 했을까?
C:/Users/user/Desktop/furina_project/vits/dataset/wavs\voice_4.wav|뭔가를 알아챈 건가
C:/Users/user/Desktop/furina_project/vits/dataset/wavs\voice_4.wav|빌망이라면 악역을 맡은 그 배우 말하는 거지
C:/Users/user/Desktop/furina_project/vits/dataset/wavs\voice_4.wav|진실을 마주할 준비는 된 거야.
C:/Users/user/Desktop/furina_project/vits/dataset/wavs\voice_4.wav|응 물론이야 그럼 바로 출발하자
C:/Users/user/Desktop/furina_project/vits/dataset/wavs\voice_4.wav|뭐 어때 여행자가 있는데, 굳이 멀리 돌아갈 필요 없잖아.
C:/Users/user/Desktop/furina_project/vits/dataset/wavs\voice_4.wav|왜 왜 그렇게 보는 거야.
C:/Users/user/Desktop/furina_project/vits/dataset/wavs\voice_4.wav|설마 나더러 같이 싸우라고 그래
C:/Users/user/Desktop/furina_project/vits/dataset/wavs\voice_4.wav|지금의 난 더 이상 물의 신이 아니니까 전부 사라졌지
C:/Users/user/Desktop/furina_project/vits/dataset/wavs\voice_4.wav|어쩌나 맘에 들진 않지만 현재로서는 얌전히 피보호자의 역할을 이행할 수밖에 없겠네
C:/Users/user/Desktop/furina_project/vits/dataset/wavs\voice_4.wav|그래 이런 상황에선 경험이 풍부한 모험가가 나서야지
C:/Users/user/Desktop/furina_project/vits/dataset/wavs\voice_4.wav|소녀 연쇄 실종 사건에 원흉이 팔던 약물이잖아.
C:/Users/user/Desktop/furina_project/vits/dataset/wavs\voice_4.wav|아 진짜 시끄러워 죽겠네 둘 다 그만해
C:/Users/user/Desktop/furina_project/vits/dataset/wavs\voice_4.wav|무대 위 공연을 극단 내부 사정과 엮지 좀 말아줄래
C:/Users/user/Desktop/furina_project/vits/dataset/wavs\voice_4.wav|말끝마다 마지막 공연으로 단장을 기념하고 싶네 어쩌네 하는데
C:/Users/user/Desktop/furina_project/vits/dataset/wavs\voice_4.wav|실은 그냥 너희 감정을 쏟아내고 싶은 거잖아.
C:/Users/user/Desktop/furina_project/vits/dataset/wavs\voice_4.wav|무대에서 주인공에게 모든 관심이 쏠리는 건 당연해
C:/Users/user/Desktop/furina_project/vits/dataset/wavs\voice_4.wav|너희도 자연스럽게 단장을 극단의 중심으로 여겨왔을 거고,
C:/Users/user/Desktop/furina_project/vits/dataset/wavs\voice_4.wav|하지만 무대 아래서 단장이 원한 건 그게 아니야.
C:/Users/user/Desktop/furina_project/vits/dataset/wavs\voice_4.wav|난 너희와 극단을 향한 그녀의 사랑을 느낄 수 있어
C:/Users/user/Desktop/furina_project/vits/dataset/wavs\voice_4.wav|너희 단장은 동생들에게 따뜻한 집을 만들어 주고 비바람을 막아주고 싶었을 거야.
C:/Users/user/Desktop/furina_project/vits/dataset/wavs\voice_4.wav|그거야말로 진정 기념할 만한 일이지
C:/Users/user/Desktop/furina_project/vits/dataset/wavs\voice_4.wav|단장은 이미 너희의 영웅이잖아. 안 그래
C:/Users/user/Desktop/furina_project/vits/dataset/wavs\voice_4.wav|그걸 확실히 한 다음 다시 너희의 다툼이 의미가 있는지 보라고
C:/Users/user/Desktop/furina_project/vits/dataset/wavs\voice_4.wav|계속 서로 불만이고 갈등도 해결하지 않을 거면 그냥 깔끔하게 갈라서
C:/Users/user/Desktop/furina_project/vits/dataset/wavs\voice_4.wav|마지막 공연은 뭐하러 해
C:/Users/user/Desktop/furina_project/vits/dataset/wavs\voice_4.wav|하지만 너희 모두 오렐리 단장이 손수 세운 이 집을 이대로 포기하고 싶지 않은 거지
C:/Users/user/Desktop/furina_project/vits/dataset/wavs\voice_4.wav|뭐야?
C:/Users/user/Desktop/furina_project/vits/dataset/wavs\voice_4.wav|난 웃긴 얘기를 한 적이 없는데
C:/Users/user/Desktop/furina_project/vits/dataset/wavs\voice_4.wav|무대에서 잠시 물러나 요동치는 감정 사이에서 놓친 게 뭔지 잘 살펴야겠지
C:/Users/user/Desktop/furina_project/vits/dataset/wavs\voice_4.wav|이야기의 결말은 다시 오렐리 단장으로 돌아오는 게 맞아
C:/Users/user/Desktop/furina_project/vits/dataset/wavs\voice_4.wav|이 연극의 유일한 주인공이니까.
C:/Users/user/Desktop/furina_project/vits/dataset/wavs\voice_4.wav|그래 전에 물에 들어갔다가 소녀 연쇄 실종 사건 피해자들의 유품을 찾았었잖아.
C:/Users/user/Desktop/furina_project/vits/dataset/wavs\voice_4.wav|만약 오를리 단장이 남긴 물건을 찾을 수 있다면 당신의 마음을 알 수 있을지도 모르지
C:/Users/user/Desktop/furina_project/vits/dataset/wavs\voice_4.wav|단장의 진심을 물의 아이의 결말로 삼으면 다들 납득할 거야.
C:/Users/user/Desktop/furina_project/vits/dataset/wavs\voice_4.wav|그럼 우린 멜모니아 궁으로 가자
C:/Users/user/Desktop/furina_project/vits/dataset/wavs\voice_4.wav|너흰 리허설 장소로 가서 좋은 소식이나 기다리고 있으라고
C:/Users/user/Desktop/furina_project/vits/dataset/wavs\voice_4.wav|이게 오렐리 단장이 남긴 물건이구나
C:/Users/user/Desktop/furina_project/vits/dataset/wavs\voice_4.wav|평범한 소지품을 제외하면 낡은 노트 하나가 전부네
C:/Users/user/Desktop/furina_project/vits/dataset/wavs\voice_4.wav|일단 잡혀간 후에 남긴 단서 같은 게 없나 한번 보자
C:/Users/user/Desktop/furina_project/vits/dataset/wavs\voice_4.wav|아 여기 있네 이 노트를 발견할 사람에게라
C:/Users/user/Desktop/furina_project/vits/dataset/wavs\voice_4.wav|어디 상대의 범죄 행위를 꼼꼼하게 기록했네
C:/Users/user/Desktop/furina_project/vits/dataset/wavs\voice_4.wav|소녀가 용해되는 진상까지 포함해서
C:/Users/user/Desktop/furina_project/vits/dataset/wavs\voice_4.wav|그때 이 노트를 자세히 봤다면 바실 죄를 입증할 유력 증거가 됐을 수도 있었겠어
C:/Users/user/Desktop/furina_project/vits/dataset/wavs\voice_4.wav|당시 단장은 이렇게 해서 나중에 올 조사자를 돕고 싶었나 봐
C:/Users/user/Desktop/furina_project/vits/dataset/wavs\voice_4.wav|잠깐 글이 끊겼어
C:/Users/user/Desktop/furina_project/vits/dataset/wavs\voice_4.wav|글씨가 갈수록 옅어지고 필적도 흔들리고 있어
C:/Users/user/Desktop/furina_project/vits/dataset/wavs\voice_4.wav|많이 허약해졌었나 봐
C:/Users/user/Desktop/furina_project/vits/dataset/wavs\voice_4.wav|그다음 내용은 너희가 직접 보는 게 좋겠어
C:/Users/user/Desktop/furina_project/vits/dataset/wavs\voice_4.wav|단원들에겐 위대한 영웅이었어도 결국 평범한 인간이니까.
C:/Users/user/Desktop/furina_project/vits/dataset/wavs\voice_4.wav|그때 얼마나 외롭고 괴로웠을지 상상이 안 가
C:/Users/user/Desktop/furina_project/vits/dataset/wavs\voice_4.wav|마지막 페이지에 적힌 내용은 어디서 들어 본 거 같은데,
C:/Users/user/Desktop/furina_project/vits/dataset/wavs\voice_4.wav|인간이 된다는 건 비밀을 숨기고 고통을 겪으며 고독과 함께해야 한다는 거야.
C:/Users/user/Desktop/furina_project/vits/dataset/wavs\voice_4.wav|그래도 인간이 되고 싶니
C:/Users/user/Desktop/furina_project/vits/dataset/wavs\voice_4.wav|난 그 애들의 누나고 언니니까 죽을 위기에 처했는데도 후회하지 않았어.
C:/Users/user/Desktop/furina_project/vits/dataset/wavs\voice_4.wav|이게 아마 단원들이 가장 바라던 답일 거야.
C:/Users/user/Desktop/furina_project/vits/dataset/wavs\voice_4.wav|단원들의 믿음과 존경 사랑은 모두 올바른 사람에게 향했구나
C:/Users/user/Desktop/furina_project/vits/dataset/wavs\voice_4.wav|가자 단원들한테 오렐리 단장의 마지막 생각을 들려줘야지
C:/Users/user/Desktop/furina_project/vits/dataset/wavs\voice_4.wav|의견이 하나로 모여졌나 보네
C:/Users/user/Desktop/furina_project/vits/dataset/wavs\voice_4.wav|난 이번 공연이 전대미문의 멋진 공연이 될 거란 예감이 들어
C:/Users/user/Desktop/furina_project/vits/dataset/wavs\voice_4.wav|내 안목을 얕보지 말라고
C:/Users/user/Desktop/furina_project/vits/dataset/wavs\voice_4.wav|난 수많은 무대를 보면서 깨달음을 얻었거든.
C:/Users/user/Desktop/furina_project/vits/dataset/wavs\voice_4.wav|노랫소리로 관종을 감동시키려면 자신이 그 캐릭터에 몰두해서 감정이 충만해져야 해
C:/Users/user/Desktop/furina_project/vits/dataset/wavs\voice_5.wav|이 세상에서 가장 근사한 건 인간들의 사랑과 원앙 같은 다양한 감정이잖아.
C:/Users/user/Desktop/furina_project/vits/dataset/wavs\voice_5.wav|아마 이 녀석들보다 이 공연을 잘할 배우는 없을 거야.
C:/Users/user/Desktop/furina_project/vits/dataset/wavs\voice_5.wav|이제야 하나의 팀 같은 분위기네 그럼 너흰 공연 쪽 준비를 완벽하게 마쳐줘
C:/Users/user/Desktop/furina_project/vits/dataset/wavs\voice_5.wav|무대는 내가 준비할 테니까.
C:/Users/user/Desktop/furina_project/vits/dataset/wavs\voice_5.wav|무슨 소리야 그럼 평범한 무대로는 어림도 없어
C:/Users/user/Desktop/furina_project/vits/dataset/wavs\voice_5.wav|당연히 에피클래스 뭘 겁내는 거야.
C:/Users/user/Desktop/furina_project/vits/dataset/wavs\voice_5.wav|설마 오를리 단장의 이야기가 최고의 무대에 어울리지 않는다고 생각하는 거니
C:/Users/user/Desktop/furina_project/vits/dataset/wavs\voice_5.wav|흥 실망하게나 하지 말라고 공연을 망치면 내 체면도 같이 날아가는 거니까
C:/Users/user/Desktop/furina_project/vits/dataset/wavs\voice_5.wav|우린 누비의 차를 찾아가 보자 어디 있는지 알고 있으니까
C:/Users/user/Desktop/furina_project/vits/dataset/wavs\voice_5.wav|봐 역시 내 추측이 맞았지 여기 있을 줄 알았어.
C:/Users/user/Desktop/furina_project/vits/dataset/wavs\voice_5.wav|오페라 하우스를 좀 빌리고 싶어 어떻게 된 거냐면
C:/Users/user/Desktop/furina_project/vits/dataset/wavs\voice_5.wav|응 내가 그렇게 들떠 보여 원래도 그냥 미안한 마음에 상황이나 알아보려던 건데
C:/Users/user/Desktop/furina_project/vits/dataset/wavs\voice_5.wav|어쩌다 보니 이렇게 됐네 과거에 우린 심판청 위에서 어느 독립적인 사건에 의견을 표했을 뿐
C:/Users/user/Desktop/furina_project/vits/dataset/wavs\voice_5.wav|그 뒤에 숨겨진 감정 충만한 이야기는 보지 못했어.
C:/Users/user/Desktop/furina_project/vits/dataset/wavs\voice_5.wav|어쩌면 어렵사리 평범한 인간이 돼 버린 덕에 그들의 삶에 호기심이 생긴 걸지도 모르지
C:/Users/user/Desktop/furina_project/vits/dataset/wavs\voice_5.wav|갑자기 얘기가 왜 그렇게 흘러가 미리 말해 둘 걸 그랬네
C:/Users/user/Desktop/furina_project/vits/dataset/wavs\voice_5.wav|난 이제 어떤 배역도 연기하지 않을 거야.
C:/Users/user/Desktop/furina_project/vits/dataset/wavs\voice_5.wav|절대로 안타까울 것도 없어 무대 위든 아래든 빛나는 배우와 이야기가 부족할 일은 없을 테니까.
C:/Users/user/Desktop/furina_project/vits/dataset/wavs\voice_5.wav|이번에도 그렇잖아.
C:/Users/user/Desktop/furina_project/vits/dataset/wavs\voice_5.wav|이렇게 많은 걸 얻었으니 이미 회수하고도 남을걸
C:/Users/user/Desktop/furina_project/vits/dataset/wavs\voice_5.wav|솔직히 그 녀석들이 좀 부러울 정도야 이렇게 화려하고 성대한 방식으로 과거와 작별하다니
C:/Users/user/Desktop/furina_project/vits/dataset/wavs\voice_5.wav|다들 얘기는 잘 끝났어 아주 순조로웠지
C:/Users/user/Desktop/furina_project/vits/dataset/wavs\voice_5.wav|이성과 감정이 호소한 내 설득 아래 누비에트는 마침내 이 특별한 공연에 무대를 제공해 주기로 했어.
C:/Users/user/Desktop/furina_project/vits/dataset/wavs\voice_5.wav|이런 기회를 얻기란 무척 어려웠지만 드디어 이 화려한 공연에 필요한 모든 요소를 갖추게 됐네
C:/Users/user/Desktop/furina_project/vits/dataset/wavs\voice_5.wav|감동적인 이야기 장엄한 무대 그리고 감정으로 충만한 배우들까지
C:/Users/user/Desktop/furina_project/vits/dataset/wavs\voice_5.wav|이제 다 같이 노력해서 최고의 무대를 만들어 내자고
C:/Users/user/Desktop/furina_project/vits/dataset/wavs\voice_5.wav|오 다들 잘하네 이렇게 멋진 공연은 정말 오랜만이야
C:/Users/user/Desktop/furina_project/vits/dataset/wavs\voice_5.wav|됐어 아프면 잘 쉬어야지 무슨 말을 하려는지 알아
C:/Users/user/Desktop/furina_project/vits/dataset/wavs\voice_5.wav|이봐 너 이제 무대에 안 올라가도 되지 그럼 얘 좀 데리고 가서 쉬게 해
C:/Users/user/Desktop/furina_project/vits/dataset/wavs\voice_5.wav|마지막 신은 내가 나갈 테니까.
C:/Users/user/Desktop/furina_project/vits/dataset/wavs\voice_5.wav|어휴 정말이지 결국은 이렇게 되네 이렇게 된 마당에 그런 말은 됐어
C:/Users/user/Desktop/furina_project/vits/dataset/wavs\voice_5.wav|탓하려면 신나서 이 일에 끼어든 날 탓해야지
C:/Users/user/Desktop/furina_project/vits/dataset/wavs\voice_5.wav|아쉬움을 좋아하는 사람은 없어 그건 나도 마찬가지야
C:/Users/user/Desktop/furina_project/vits/dataset/wavs\voice_5.wav|그러니까 맡겨둬 리허설을 하도 봐서 클리오의 대사는 거의 외웠으니까
C:/Users/user/Desktop/furina_project/vits/dataset/wavs\voice_5.wav|그야 엄청 단순하니까 그렇게 많은 고통과 고독을 맛보고도 세상의 아름다움을 의심하지 않았잖아.
C:/Users/user/Desktop/furina_project/vits/dataset/wavs\voice_5.wav|그럼 니 소원은 나의 소원 인간이 된다는 건 비밀을 숨기고 고통을 겪으며 고독과 함께해야 한다는 것
C:/Users/user/Desktop/furina_project/vits/dataset/wavs\voice_5.wav|그래도 인간이 되고 싶니 난 사라진 지 오래고 내 이름이 나오지도 않았으니까 다들 못 알아보겠지
C:/Users/user/Desktop/furina_project/vits/dataset/wavs\voice_5.wav|어쩔 수 없었다고는 해도 어렵게 정한 원칙을 깨 버리다니 아쉽게 됐어
C:/Users/user/Desktop/furina_project/vits/dataset/wavs\voice_5.wav|그래도 무대에 다시 서니까 기분은 좋네 이봐 전에 얘기한 거랑 다르잖아.
C:/Users/user/Desktop/furina_project/vits/dataset/wavs\voice_5.wav|아이 정말이지 미리 상의라도 좀 하라고 그 규칙은 나도 알아 그치만 고려해야지
C:/Users/user/Desktop/furina_project/vits/dataset/wavs\voice_5.wav|난 준비도 안 됐는데 말은 쉽게 하네 그럼 네가 대신 사인해줘
C:/Users/user/Desktop/furina_project/vits/dataset/wavs\voice_5.wav|나도 그게 왜 나타난 건지 몰라 그래도 효과는 좋았으니 됐지
C:/Users/user/Desktop/furina_project/vits/dataset/wavs\voice_5.wav|관객들도 그렇게 리얼한 공연 소품은 처음 봤을걸
C:/Users/user/Desktop/furina_project/vits/dataset/wavs\voice_5.wav|그래 공연을 잘 마쳤다는 소식도 전해 줘야지 막이 내렸네
C:/Users/user/Desktop/furina_project/vits/dataset/wavs\voice_5.wav|괜찮아 커튼 콜 때 쟤네들이 얘기했던 것처럼 모두의 누구는 인정받아야 마땅하니까
C:/Users/user/Desktop/furina_project/vits/dataset/wavs\voice_5.wav|마지막까지 연기하진 못했지만, 니가 무대에서 보인 연기는 상당한 호평을 받았다고
C:/Users/user/Desktop/furina_project/vits/dataset/wavs\voice_5.wav|너도 이번 공연의 소중한 이론이야 그래서 다들 앞으로는 어떻게 할 거야.
C:/Users/user/Desktop/furina_project/vits/dataset/wavs\voice_5.wav|이번 공연 반응이 좋아서 극단 이름도 폰타임 전역에 금방 퍼질 텐데
C:/Users/user/Desktop/furina_project/vits/dataset/wavs\voice_5.wav|그럼 해체 안 해도 되지 않아 반응이 좋은 김에 무례 아이 저작권을 전문 극단에 위임하면
C:/Users/user/Desktop/furina_project/vits/dataset/wavs\voice_5.wav|경영 상황도 개선될 거고, 솔직히 말하면 내가 조용히 사라지고 싶어도
C:/Users/user/Desktop/furina_project/vits/dataset/wavs\voice_5.wav|지도해 달라고 찾아온 녀석들 때문에 제법 귀찮아질 것 같아
C:/Users/user/Desktop/furina_project/vits/dataset/wavs\voice_5.wav|누구누구 씨가 아주 거창하게 감사 인사를 해 주셔서 말이지
C:/Users/user/Desktop/furina_project/vits/dataset/wavs\voice_5.wav|됐어 사과하지 마 그냥 모를까 이번 일을 겪으면서 다시 무대로 돌아가는 게
C:/Users/user/Desktop/furina_project/vits/dataset/wavs\voice_5.wav|생각보다 나쁘지는 않다고 느꼈어 어쩌면 정말 루비에트가 말한 것처럼
C:/Users/user/Desktop/furina_project/vits/dataset/wavs\voice_5.wav|클리오라는 배역이 나랑 죽이 잘 맞는가 봐 남을 용기하고 싶진 않지만
C:/Users/user/Desktop/furina_project/vits/dataset/wavs\voice_5.wav|나 자신을 표현하고 싶은 마음은 있거든.
C:/Users/user/Desktop/furina_project/vits/dataset/wavs\voice_5.wav|아마도 이게 새로운 무대겠지 과거의 내가 가면을 쓴 채 진실을 숨기려고만 했다면,
C:/Users/user/Desktop/furina_project/vits/dataset/wavs\voice_5.wav|앞으로의 나는 사람과 사람 사이의 진실한 이야기를 더 많이 느껴볼 거야.
C:/Users/user/Desktop/furina_project/vits/dataset/wavs\voice_5.wav|사람들이 어떻게 피어나고 시드는지 어떻게 그걸 극본에 녹여서 영원히 노래하는지 지켜보겠어
C:/Users/user/Desktop/furina_project/vits/dataset/wavs\voice_5.wav|그 오렐리 단장도 분명 이런 마음으로 빠져든 거겠지 약속한 거다
C:/Users/user/Desktop/furina_project/vits/dataset/wavs\voice_5.wav|만약 신의 선물이 한쪽 눈이라면 그 의미가 바르게 해선 안 되겠지
C:/Users/user/Desktop/furina_project/vits/dataset/wavs\voice_5.wav|어쩌면 나도 이런 힘을 원했던 걸지도 몰라 참 아이러니하지
C:/Users/user/Desktop/furina_project/vits/dataset/wavs\voice_5.wav|하지만 지금은 신의 선물인 건 똑같지만 운명이 내 손에 있는 느낌이랄까
C:/Users/user/Desktop/furina_project/vits/dataset/wavs\voice_5.wav|인간들도 그렇게 느끼려나
